ID,English,Chinese_Simplified,French,German,Italian,Polish,Portuguese_Brazil,Russian,Spanish,Artificial,Archive,Rust,Pinnacle,Detritus,Original,Genius,Assassin,Repairman,Recycler,Youth,Leader,Hotshot,Soldier,Warrior,Medic,Miner,Aquatic,Mantis,Zoltan,Rock,CEO_Grass,CEO_Sand,CEO_Snow,CEO_Acid,ORDER
Button_Options_Language,Select language,,Choix de la langue,Sprache auswählen,언어 선택,Wybierz język,Escolha o idioma,Выбрать язык,Elegir idioma,,,,,,,,,,,,,,,,,,,,,,,,,,
Language_Title,Language,,Langue,Sprache,언어,Język,Idioma,Язык,Idioma,,,,,,,,,,,,,,,,,,,,,,,,,,
Customize_Title,Customize,,Personnaliser,Anpassen,커스터마이즈,Dostosuj,Personalizar,Настроить,Personalizar,,,,,,,,,,,,,,,,,,,,,,,,,,
Rename_Title,Rename,,Renommer,Umbenennen,이름 변경,Zmień nazwę,Renomear,Переименовать,Cambiar nombre,,,,,,,,,,,,,,,,,,,,,,,,,,
Options_Title,Options,,Options,Optionen,옵션,Opcje,Opções,Параметры,Opciones,,,,,,,,,,,,,,,,,,,,,,,,,,
Gameplay_Title,Gameplay,,Gameplay,Gameplay,게임 플레이,Rozgrywka,Jogo,Игровой процесс,Sistema de juego,,,,,,,,,,,,,,,,,,,,,,,,,,
Controls_Title,Controls,,Commandes,Steuerung,조작,Sterowanie,Controles,Управление,Controles,,,,,,,,,,,,,,,,,,,,,,,,,,
Video_Title,Video,,Vidéo,Grafik,비디오,Grafika,Vídeo,Видео,Vídeo,,,,,,,,,,,,,,,,,,,,,,,,,,
Gamepad_Title,Gamepad,,Manette,Gamepad,게임패드,Kontroler,Controle,Геймпад,Mando,,,,,,,,,,,,,,,,,,,,,,,,,,
Hotkeys_Title,Hotkeys,,Raccourcis clavier,Schnelltasten,단축키,Skróty kl.,Atalhos,Клавиши,Teclas rápidas,,,,,,,,,,,,,,,,,,,,,,,,,,
Sound_Title,Sound,,Son,Sound,소리,Dźwięk,Som,Звук,Sonido,,,,,,,,,,,,,,,,,,,,,,,,,,
Mech_Pilot_Title,MECH PILOT,,PILOTE DU MECHA,MECHPILOT,메크 조종사,PILOT MECHA,PILOTO,ПИЛОТ МЕХА,PILOTO,,,,,,,,,,,,,,,,,,,,,,,,,,
Unit_Status_Title,UNIT STATUS,,STATUT DE L'UNITÉ,EINHEITSSTATUS,유닛 상태,STAN JEDNOSTKI,ESTADO,СТАТУС ЮНИТА,ESTADO DE UNIDAD,,,,,,,,,,,,,,,,,,,,,,,,,,
Bonus_Objetives_Title,BONUS OBJECTIVES,,OBJECTIFS BONUS,BONUSZIELE,추가 목표,ZADANIA DODATKOWE,OBJETIVOS BÔNUS,ДОП. ЗАДАЧИ,OBJETIVOS DE BONIFICACIÓN,,,,,,,,,,,,,,,,,,,,,,,,,,
Warning_Title,WARNING!,,ATTENTION !,ACHTUNG!,경고!,UWAGA!,ALERTA!,ВНИМАНИЕ!,¡ALERTA!,,,,,,,,,,,,,,,,,,,,,,,,,,
Profile_Button_Text,Profile: $1,,Profil : $1,Profil: $1,프로필: $1,Profil: $1,Perfil: $1,Профиль: $1,Perfil: $1,,,,,,,,,,,,,,,,,,,,,,,,,,
Profile_None,None,,Aucun,-,없음,Brak,Nenhum,нет,Ninguno,,,,,,,,,,,,,,,,,,,,,,,,,,
Profile_Title,Select profile,,Sélectionner le profil,Profil auswählen,프로필 선택,Wybierz profil,Escolha o perfil,Выберите профиль,Elegir perfil,,,,,,,,,,,,,,,,,,,,,,,,,,
New_Profile_Title,New Profile,,Nouveau profil,Neues Profil,새 프로필,Nowy profil,Novo Perfil,Новый профиль,Nuevo perfil,,,,,,,,,,,,,,,,,,,,,,,,,,
New_Profile_Name,Name:,,Nom :,Name:,이름:,Nazwa:,Nome:,Название,Nombre:,,,,,,,,,,,,,,,,,,,,,,,,,,
Credits_Press_Any_Key,(Press any key to continue),,(Appuyez sur une touche pour continuer),(Drücke eine Taste zum Fortfahren),(아무 키나 눌러 계속),"(Aby kontynuować, naciśnij dowolny klawisz)",(Pressione uma tecla para continuar),"(Нажмите любую клавишу, чтобы продолжить)",(Pulsa cualquier tecla para continuar),,,,,,,,,,,,,,,,,,,,,,,,,,
ArchScreen_Squad_Locked,(Squad Locked),,(Escadron verrouillé),(Einheit gesperrt),(분대 잠김),(Oddział zablokowany),(Esquadrão Bloqueado),(Отряд недоступен),(Escuadrón bloqueado),,,,,,,,,,,,,,,,,,,,,,,,,,
StatScreen_No_Score,No score,,Aucun score,Keine Punkte,점수 없음,Brak wyniku,Sem pontos,Счет отсутствует,Ninguna puntuación,,,,,,,,,,,,,,,,,,,,,,,,,,
StatScreen_Change_Squad,Change Squad,,Changer d'escadron,Einheit wechseln,분대 변경,Zmień oddział,Mudar Esquadrão,Сменить отряд,Cambiar escuadrón,,,,,,,,,,,,,,,,,,,,,,,,,,
StatScreen_Change_Pilot,Change Pilot,,Changer de pilote,Pilot wechseln,조종사 변경,Zmień pilota,Mudar Piloto,Сменить пилота,Cambiar piloto,,,,,,,,,,,,,,,,,,,,,,,,,,
New_Profile_Already_Exists,This profile name already exists,,Ce nom de profil existe déjà,Dieser Profilname wird bereits verwendet.,이 프로필 이름은 이미 있습니다,Istnieje już profil o tej nazwie,Este nome já existe.,Профиль с таким названием уже существует,El nombre de perfil ya existe.,,,,,,,,,,,,,,,,,,,,,,,,,,
New_Profile_Unnamed,You must name the profile,,Vous devez donner un nom à ce profil,Du musst dem Profil einen Namen geben.,프로필 이름을 정해야 합니다,Musisz podać nazwę profilu,Crie um nome para seu perfil.,Вы должны ввести название профиля,Cambia el nombre del perfil.,,,,,,,,,,,,,,,,,,,,,,,,,,
Hotkeys_Reset,Reset to Defaults,,Revenir aux valeurs par défaut,Auf Standard zurücksetzen,기본설정으로 초기화,Przywróć domyślne,Voltar aos Padrões,По умолчанию,Restablecer predeterminadas,,,,,,,,,,,,,,,,,,,,,,,,,,
Hotkeys_Confirm,Confirm Hotkeys,,Confirmer les raccourcis clavier,Schnelltasten bestätigen,단축키 적용,Potwierdź skróty kl.,Confirme os Atalhos,Подтвердить клавиши,Confirmar teclas rápidas,,,,,,,,,,,,,,,,,,,,,,,,,,
Gamepad_Mode,Mode: $1,,Mode : $1,Modus: $1,모드: $1,Tryb: $1,Modo: $1,Режим: $1,Modo: $1,,,,,,,,,,,,,,,,,,,,,,,,,,
Gamepad_Type,Gamepad: $1,,Manette : $1,Gamepad: $1,게임패드: $1,Kontroler: $1,Controle: $1,Геймпад: $1,Mando: $1,,,,,,,,,,,,,,,,,,,,,,,,,,
Gamepad_Mode_Quick_Select,Quick Select,,Sélection rapide,Schnellauswahl,빠른 선택,Szybki wybór,Seleção Rápida,Быстрый выбор,Selección rápida,,,,,,,,,,,,,,,,,,,,,,,,,,
Gamepad_Mode_Tile_Select,Tile Select,,Sélection de case,Feldauswahl,타일 선택,Wybór pola,Selecionar Espaços,Выбор клетки,Selección de casillas,,,,,,,,,,,,,,,,,,,,,,,,,,
Gamepad_Mode_Tile_invertes,Tile (Inverted),,Case (inversée),Feld (umgekehrt),타일 선택 (반전),Pole (odwrócone),Espaços (Inversão),Клетки (инверсия),Casilla (invertir),,,,,,,,,,,,,,,,,,,,,,,,,,
Gamepad_Unknown,Unknown,,Inconnue,Unbekannt,알수없음,Nieznany,Desconhecido,неизвестно,Desconocido,,,,,,,,,,,,,,,,,,,,,,,,,,
Gamepad_Auto,Auto ($1),,Auto ($1),Auto ($1),자동 ($1),Autom. ($1),Auto ($1),авто ($1),Auto ($1),,,,,,,,,,,,,,,,,,,,,,,,,,
Gamepad_Xbox,X-Box,,X-Box,Xbox,Xbox,Xbox,X-Box,Xbox,Xbox,,,,,,,,,,,,,,,,,,,,,,,,,,
Gamepad_Xbox_One,X-Box One,,X-Box One,Xbox One,Xbox One,Xbox One,X-Box One,Xbox One,Xbox One,,,,,,,,,,,,,,,,,,,,,,,,,,
Gamepad_PS4,PS4,,PS4,PS4,PS4,PS4,PS4,PS4,PS4,,,,,,,,,,,,,,,,,,,,,,,,,,
Gamepad_Switch,Switch,,Switch,Switch,Switch,Switch,Switch,Switch,Switch,,,,,,,,,,,,,,,,,,,,,,,,,,
Gamepad_Xbox_360,X-Box 360,,X-Box 360,Xbox 360,Xbox 360,Xbox 360,X-Box 360,Xbox 360,Xbox 360,,,,,,,,,,,,,,,,,,,,,,,,,,
Gamepad_Steam,Steam,,Steam,Steam,Steam,Steam,Steam,Steam,Steam,,,,,,,,,,,,,,,,,,,,,,,,,,
Gamepad_Toggle,Toggle,,Basculer,Umschalten,토글,Przełącz,Alternar,Переключить,Alternar,,,,,,,,,,,,,,,,,,,,,,,,,,
Gamepad_Info,Info,,Infos,Info,Info,Informacje,Info,Информация,Información,,,,,,,,,,,,,,,,,,,,,,,,,,
Gamepad_Close,Close,,Fermer,Schließen,닫기,Zamknij,Fechar,Закрыть,Cerrar,,,,,,,,,,,,,,,,,,,,,,,,,,
Gamepad_Continue,Continue,,Continuer,Weiter,계속,Kontynuuj,Continuar,Продолжить,Continuar,,,,,,,,,,,,,,,,,,,,,,,,,,
Gamepad_Select,Select,,Sélectionner,Auswählen,선택,Wybierz,Selecionar,Выбрать,Seleccionar,,,,,,,,,,,,,,,,,,,,,,,,,,
Gamepad_Delete,Delete,,Supprimer,Löschen,삭제,Usuń,Excluir,Удалить,Eliminar,,,,,,,,,,,,,,,,,,,,,,,,,,
Gamepad_Cancel,Cancel,,Annuler,Abbrechen,취소,Anuluj,Cancelar,Отмена,Cancelar,,,,,,,,,,,,,,,,,,,,,,,,,,
Gamepad_Create,Create,,Créer,Erstellen,생성,Stwórz,Criar,Создать,Crear,,,,,,,,,,,,,,,,,,,,,,,,,,
Gamepad_Rename,Rename,,Renommer,Umbenennen,이름 변경,Zmień nazwę,Renomear,Переименовать,Cambiar nombre,,,,,,,,,,,,,,,,,,,,,,,,,,
Gamepad_Tutorial_Tips_On,Tutorial Tips: ENABLED,,Astuces du didacticiel : OUI,Tutorial-Tipps: AKTIVIERT,도움말: 켜짐,Wskazówki samouczka: WŁ.,Dicas de Tutorial: SIM,Подсказки: ВКЛЮЧЕНЫ,Consejos del tutorial: ACTIVADOS,,,,,,,,,,,,,,,,,,,,,,,,,,
Gamepad_Tutorial_Tips_Off,Tutorial Tips: DISABLED,,Astuces du didacticiel : NON,Tutorial-Tipps: DEAKTIVIERT,도움말: 꺼짐,Wskazówki samouczka: WYŁ.,Dicas de Tutorial: NÃO,Подсказки: ОТКЛЮЧЕНЫ,Consejos del tutorial: DESACTIVADOS,,,,,,,,,,,,,,,,,,,,,,,,,,
Gamepad_Shift,Shift,,Maj,Umschalten,Shift,Shift,Shift,Shift,Mayús,,,,,,,,,,,,,,,,,,,,,,,,,,
Gamepad_Alt,Alt,,Alt,Alt,Alt,Alt,Alt,Alt,Alt,,,,,,,,,,,,,,,,,,,,,,,,,,
Gamepad_Space,Space,,Barre d'espace,Leertaste,스페이스,Spacja,Espaço,Пробел,Espacio,,,,,,,,,,,,,,,,,,,,,,,,,,
Gamepad_Del,Del,,Suppr,Entf,Del,Delete,Del,Del,Supr,,,,,,,,,,,,,,,,,,,,,,,,,,
Gamepad_Accept,Accept,,Accepter,Annehmen,확인,OK,Aceitar,Принять,Aceptar,,,,,,,,,,,,,,,,,,,,,,,,,,
Gamepad_Top_Scores,Examine Top Scores,,Examiner les meilleurs scores,Beste Ergebnisse ansehen,최고점수 확인,Analiza rekordów,Ver Recordes,Изучить лучшие результаты,Ver puntuaciones,,,,,,,,,,,,,,,,,,,,,,,,,,
Gamepad_Filter_By_Squad,Filter by Selected Squad,,Filtrer en fonction de l'escadron choisi,Nach ausgewählter Einheit filtern,선택한 분대만 보기,Filtruj wg wybranego oddziału,Filtrar (Esquadrão Selec.),Фильтр по выбранному отряду,Filtrar por escuadrón seleccionado,,,,,,,,,,,,,,,,,,,,,,,,,,
Gamepad_Remove_Filter,Remove Filter,,Supprimer le filtre,Filter entfernen,필터 해제,Usuń filtr,Remover Filtro,Удалить фильтр,Quitar filtro,,,,,,,,,,,,,,,,,,,,,,,,,,
Gamepad_View_Achievements,View Achievements,,Voir les succès,Erfolge ansehen,도전과제 보기,Zobacz osiągnięcia,Ver Conquistas,Показать достижения,Ver logros,,,,,,,,,,,,,,,,,,,,,,,,,,
Gamepad_Select_Squad,Select Squad,,Sélectionner escadron,Einheit auswählen,분대 선택,Wybierz oddział,Selecionar Esquadrão,Выбрать отряд,Seleccionar escuadrón,,,,,,,,,,,,,,,,,,,,,,,,,,
Gamepad_Buy_Squad,Buy Squad,,Acheter escadron,Einheit kaufen,분대 해제,Kup oddział,Comprar Esquadrão,Купить отряд,Comprar escuadrón,,,,,,,,,,,,,,,,,,,,,,,,,,
Gamepad_Select_Pilot,Select Pilot,,Sélectionner pilote,Pilot auswählen,조종사 선택,Wybierz pilota,Selecionar Piloto,Выбрать пилота,Seleccionar piloto,,,,,,,,,,,,,,,,,,,,,,,,,,
Gamepad_Yes,Yes,,Oui,Ja,네,Tak,Sim,Да,Sí,,,,,,,,,,,,,,,,,,,,,,,,,,
Gamepad_No,No,,Non,Nein,아니오,Nie,Não,Нет,No,,,,,,,,,,,,,,,,,,,,,,,,,,
Gamepad_Ok,Ok,,OK,OK,OK,OK,Ok,ОК,Vale,,,,,,,,,,,,,,,,,,,,,,,,,,
Gamepad_Modify,Modify,,Modifier,Modifizieren,변경,Zmień,Modificar,Изменить,Modificar,,,,,,,,,,,,,,,,,,,,,,,,,,
Gamepad_Edit_Pilot,Edit Time Traveler,,Éditer le voyageur temporel,Zeitreisenden bearbeiten,시간 여행자 변경,Edytuj chrononautę,Editar Viajante,Редактировать путешественника,Editar viajero del tiempo,,,,,,,,,,,,,,,,,,,,,,,,,,
Gamepad_Edit_Squad,Edit Squad,,Éditer l'escadron,Einheit bearbeiten,분대 변경,Edytuj oddział,Editar Esquadrão,Редактировать отряд,Editar escuadrón,,,,,,,,,,,,,,,,,,,,,,,,,,
Gamepad_Change,Change,,Changer,Wechseln,변경,Zmień,Mudar,Сменить,Cambiar,,,,,,,,,,,,,,,,,,,,,,,,,,
Gamepad_Mech,Mech,,Mecha,Mech,메크,Mech,Meka,Мех,Mech,,,,,,,,,,,,,,,,,,,,,,,,,,
Gamepad_Change_Squad,Change Squad,,Changer d'escadron,Einheit wechseln,분대 변경,Zmień oddział,Mudar Esquadrão,Сменить отряд,Cambiar escuadrón,,,,,,,,,,,,,,,,,,,,,,,,,,
Gamepad_Examine,Examine,,Examiner,Untersuchen,확인,Zbadaj,Examinar,Изучить,Examinar,,,,,,,,,,,,,,,,,,,,,,,,,,
Gamepad_Random,Random,,Aléatoire,Zufällig,무작위,Losowo,Aleatório,Случайно,Aleatorio,,,,,,,,,,,,,,,,,,,,,,,,,,
Gamepad_Reroll,Reroll,,Rejouer,Neu,재추첨,Losuj,Sortear,Заменить,Repetir,,,,,,,,,,,,,,,,,,,,,,,,,,
Gamepad_Add,Add,,Ajouter,Hinzufügen,추가,Dodaj,Adicionar,Добавить,Añadir,,,,,,,,,,,,,,,,,,,,,,,,,,
Gamepad_Remove,Remove,,Retirer,Entfernen,삭제,Usuń,Remover,Удалить,Quitar,,,,,,,,,,,,,,,,,,,,,,,,,,
Gamepad_Edit,Edit,,Éditer,Bearbeiten,편집,Zmień,Editar,Редактировать,Editar,,,,,,,,,,,,,,,,,,,,,,,,,,
Gamepad_End_Turn,End Turn,,Fin du tour,Runde beenden,턴 마침,Skończ turę,Encerrar Turno,Закончить ход,Acabar turno,,,,,,,,,,,,,,,,,,,,,,,,,,
Gamepad_Open_Pod,Open Pod,,Ouvrir la capsule,Kapsel öffnen,포드 열기,Otwórz chronokapsułę,Abrir Cápsula,Открыть капсулу,Abrir cápsula,,,,,,,,,,,,,,,,,,,,,,,,,,
Gamepad_Select_Reward,Select Reward,,Sélectionner récompense,Belohnung auswählen,보상 선택,Wybierz nagrodę,Selecionar Prêmio,Выбрать награду,Elegir recompensa,,,,,,,,,,,,,,,,,,,,,,,,,,
Gamepad_Pick_Later,Pick Later,,Prendre plus tard,Später nehmen,나중에 선택,Wybierz później,Depois,Выбрать потом,Recoger luego,,,,,,,,,,,,,,,,,,,,,,,,,,
Gamepad_Buy,Buy,,Acheter,Kaufen,구매,Kup,Comprar,Купить,Comprar,,,,,,,,,,,,,,,,,,,,,,,,,,
Gamepad_Donate,Donate,,Donner,Spenden,기부,Oddaj,Doar,Продать,Donar,,,,,,,,,,,,,,,,,,,,,,,,,,
Gamepad_Back,Back,,Retour,Zurück,뒤로,Wstecz,Voltar,Назад,Atrás,,,,,,,,,,,,,,,,,,,,,,,,,,
Gamepad_Confirm,Confirm,,Confirmer,Bestätigen,확인,Potwierdź,Confirmar,Подтвердить,Confirmar,,,,,,,,,,,,,,,,,,,,,,,,,,
Gamepad_Examine_Achievements,Examine Achievements,,Examiner les succès,Erfolge ansehen,도전과제 확인,Analiza osiągnięć,Examinar Conquistas,Изучить достижения,Examinar logros,,,,,,,,,,,,,,,,,,,,,,,,,,
Gamepad_Abandon,Abandon,,Abandonner,Verlassen,포기,Porzuć,Abandonar,Бросить,Abandonar,,,,,,,,,,,,,,,,,,,,,,,,,,
Gamepad_Start_Mission,Start Mission,,Lancer la mission,Mission starten,임무 시작,Rozpocznij misję,Iniciar Missão,Начать задание,Empezar misión,,,,,,,,,,,,,,,,,,,,,,,,,,
Gamepad_Mission_Info,Mission Info,,Infos mission,Missionsinfo,임무 정보,Informacje o misji,Info de Missão,Описание задания,Información de misión,,,,,,,,,,,,,,,,,,,,,,,,,,
Gamepad_Return_To_Main_Menu,Return to Main Menu,,Retour au menu principal,Zurück zum Hauptmenü,메인 메뉴로 돌아가기,Powrót do menu głównego,Voltar ao Menu,Вернуться в главное меню,Volver al menú principal,,,,,,,,,,,,,,,,,,,,,,,,,,
Gamepad_Dismiss,Dismiss,,Écarter,Schließen,닫기,Odrzuć,Dispensar,Закрыть,Descartar,,,,,,,,,,,,,,,,,,,,,,,,,,
Gamepad_Claim_Reward,Claim Reward,,Récupérer récompense,Belohnung erhalten,보상 받기,Odbierz nagrodę,Pegar Prêmio,Забрать награду,Recibir recompensa,,,,,,,,,,,,,,,,,,,,,,,,,,
Gamepad_Spend_Reputation,Spend Reputation,,Dépenser de la réputation,Reputation ausgeben,평판포인트 사용,Wydaj reputację,Gastar Reputação,Потратить репутацию,Gastar reputación,,,,,,,,,,,,,,,,,,,,,,,,,,
Gamepad_Leave_Island,Leave Island,,Quitter l'île,Insel verlassen,섬에서 철수,Opuść wyspę,Sair da Ilha,Покинуть остров,Irse de la isla,,,,,,,,,,,,,,,,,,,,,,,,,,
Gamepad_Equip,Equip,,S'équiper,Ausrüsten,장비,Załóż,Equipar,Использовать,Equipar,,,,,,,,,,,,,,,,,,,,,,,,,,
Gamepad_Power,Power,,Puissance,Energie,파워 공급,Sieć,Energia,Энергия,Energía,,,,,,,,,,,,,,,,,,,,,,,,,,
Gamepad_Toggle_Power,Toggle Power,,Activer/désactiver la puissance,Energie ein/aus,파워 ON/OFF,Wł./Wył. Sieć,Alternar Energia,Вкл./выкл. энергию,Alternar energía,,,,,,,,,,,,,,,,,,,,,,,,,,
Gamepad_Upgrades,Upgrades,,Améliorations,Upgrades,업그레이드,Ulepszenia,Melhorias,Улучшения,Mejoras,,,,,,,,,,,,,,,,,,,,,,,,,,
Gamepad_Confirm_Deployment,Confirm Deployment,,Confirmer le déploiement,Aufstellung bestätigen,배치 확인,Potwierdź rozmieszczenie,Confirmar Mobiliz.,Подтвердить десантирование,Confirmar despliegue,,,,,,,,,,,,,,,,,,,,,,,,,,
Gamepad_Done_Testing,Done Testing,,Tests terminés,Test abgeschlossen,테스트 끝내기,Zakończ testy,Teste Concluído,Завершить тест,Pruebas acabadas,,,,,,,,,,,,,,,,,,,,,,,,,,
Gamepad_Confirm_Squad,Confirm Squad,,Confirmer escadron,Einheit betätigen,분대 확정,Potwierdź skład oddziału,Confirmar Esquadrão,Подтвердить отряд,Confirmar escuadrón,,,,,,,,,,,,,,,,,,,,,,,,,,
Gamepad_Undo,Undo,,Annuler,Rückgängig,다시하기,Cofnij,Desf.,Отменить,Deshacer,,,,,,,,,,,,,,,,,,,,,,,,,,
Gamepad_Test_Mech,Test Mech,,Tester le Mecha,Mech testen,메크 테스트,Testuj mecha,Testar Meka,Испытать мех,Probar mech,,,,,,,,,,,,,,,,,,,,,,,,,,
Gamepad_Upgrade,Upgrade,,Améliorer,Upgrade,업그레이드,Ulepsz,Melhorar,Улучшить,Mejorar,,,,,,,,,,,,,,,,,,,,,,,,,,
Gamepad_Switch_Mech,Switch Mech,,Changer de Mecha,Mech wechseln,메크 변경,Zmień mecha,Mudar Meka,Сменить мех,Cambiar mech,,,,,,,,,,,,,,,,,,,,,,,,,,
Gamepad_Max_Length,(Max Length),,(Distance max),(Max. Länge),(최대 길이),(Maks. długość),(Tamanho Máx),(макс. длина),(Longitud máxima),,,,,,,,,,,,,,,,,,,,,,,,,,
Gamepad_Undo_Move,Undo Move,,Annuler le déplacement,Bewegung rückgängig,이동 취소,Cofnij ruch,Desfazer Jogada,Отменить движение,Deshacer movimiento,,,,,,,,,,,,,,,,,,,,,,,,,,
Gamepad_Unit_Order,Unit Order,,Ordre des unités,Reihenfolge,유닛 순서,Kolejność jednostek,Ordem de Unidades,Приказ юнита,Orden de unidades,,,,,,,,,,,,,,,,,,,,,,,,,,
Gamepad_Reset_Used,Reset Used,,Réinitialisation - utilisées,Zurücksetzen genutzt,턴 사용함,Reset użyty,Usou Reinício,Сброс использован,Reinicio utilizado,,,,,,,,,,,,,,,,,,,,,,,,,,
Gamepad_Reset_Turn,Reset Turn,,Réinitialisation du tour,Runde zurücksetzen,턴 리셋,Zresetuj turę,Reiniciar Turno,Сбросить ход,Reiniciar turno,,,,,,,,,,,,,,,,,,,,,,,,,,
Gamepad_Reset_Turn_X,Reset ( x$1),,Réinitialisation ( x$1),Zurücksetzen (x$1),리셋 (x$1),Zresetuj (x$1),Reiniciar (x$1),Сбросить ( x$1),Reiniciar ( x$1),,,,,,,,,,,,,,,,,,,,,,,,,,
Gamepad_Cycle_Unit,Cycle Unit,,Faire défiler les unités,Einheit durchschalten,유닛 전환,Przełącz między jedn.,Alternar Unidades,Сменить юнит,Cambiar unidad,,,,,,,,,,,,,,,,,,,,,,,,,,
Hangar_Num_Mech_Error,You must select \n3 Mechs to Continue,,Vous devez sélectionner \n3 Mechas pour continuer,"Wähle 3 Mechs aus,\num fortzufahren.",시작하기 위해선 \n3 기를 선택해야 합니다.,"Aby kontynuować,\nmusisz wybrać 3 mechy",Selecione 3 Mekas\npara continuar,Выберите 3 меха\nдля продолжения,Selecciona \n3 mechs para continuar,,,,,,,,,,,,,,,,,,,,,,,,,,
Game_Menu_Island_Progress_Title,Island Progress,,Progression sur l'île,Inselfortschritt,섬 진행상황,Postępy na wyspie,Progresso de Ilhas,Прогресс острова,Islas salvadas,,,,,,,,,,,,,,,,,,,,,,,,,,
Game_Menu_Timeline_Playtime_Title,Timeline Playtime,,Temps de jeu dans cette temporalité,Zeitachsen-Spielzeit,시간선 플레이 시간,Czas gry w linii czasu,Tempo na Linha Temporal,Время игры во временной ветви,Tiempo en esta línea,,,,,,,,,,,,,,,,,,,,,,,,,,
Game_Menu_Difficulty_Title,Difficulty,,Difficulté,Schwierigkeit,난이도,Poziom trudności,Dificuldade,Сложность,Dificultad,,,,,,,,,,,,,,,,,,,,,,,,,,
Game_Menu_Squad_Achievements_Title,Squad Achievements,,Succès de l'escadron,Einheitserfolge,분대 도전과제,Osiągnięcia oddziału,Conquistas de Esquad.,Достижения отряда,Logros de escuadrón,,,,,,,,,,,,,,,,,,,,,,,,,,
Island_Locked_Text,Island Locked,,Île verrouillée,Insel gesperrt,섬 잠김,Wyspa zablokowana,Ilha Bloqueada,Остров недоступен,Isla bloqueada,,,,,,,,,,,,,,,,,,,,,,,,,,
Island_Unavailable_Text,Unavailable,,Indisponible,Nicht verfügbar,선택불가,Niedostępna,Indisponível,Недоступно,No disponible,,,,,,,,,,,,,,,,,,,,,,,,,,
Island_Secured_Text,Secured,,Sécurisée,Gesichert,확보,Zabezpieczono,Defendida,В безопасности,Salvada,,,,,,,,,,,,,,,,,,,,,,,,,,
Island_Confirm_Text,Select Island,,Choix de l'île,Insel auswählen,섬 선택,Wybierz wyspę,Selecionar Ilha,Выбрать остров,Seleccionar isla,,,,,,,,,,,,,,,,,,,,,,,,,,
Island_Unavailable_On_Demo_Text,This island is unavailable in the demo,,Cette île n'est pas disponible dans la démo,Diese Insel ist in der Demo nicht verfügbar.,체험판에서 불가능한 섬입니다.,Ta wyspa jest niedostępna w wersji demonstracyjnej,Esta ilha não está disponível na demo.,Этот остров недоступен в демоверсии,Esta isla no está disponible en la demo.,,,,,,,,,,,,,,,,,,,,,,,,,,
Island_Threat_Scanner_Text,Threat Scanner,,Détecteur de menaces,Bedrohungsscanner,위협 스캐너,Skaner zagrożeń,Análise de Ameaça,Сканер угроз,Escáner de amenazas,,,,,,,,,,,,,,,,,,,,,,,,,,
Final_Mission_Briefing,"With the Vek driven off the islands, you have a chance to wipe them out at their source. You are humanity's last hope.",,"Maintenant que les Veks ont été chassés des îles, vous avez une chance de les éliminer à la source. Vous êtes l'ultime espoir de l'humanité.","Nachdem die Vek von den Inseln vertrieben wurden, hast du die Möglichkeit, sie an ihrem Ursprungsort zu vernichten. Du bist die letzte Hoffnung der Menschheit.","Vek을 섬으로부터 몰아냈기에, 근원을 박멸할 기회가 있습니다. 당신이 인류의 마지막 희망입니다.",Po przepędzeniu veków z wysp macie szansę unicestwić je u źródła. Jesteście ostatnią nadzieją ludzkości.,"Agora que expulsou os Vek das ilhas, você pode cortar o mal pela raiz. Esta é a única esperança da humanidade.","Выбив векков с островов, вы можете развить успех и избавиться от их источника. Вы — последняя надежда человечества.","Después de expulsar a los vek de las islas, por fin puedes cortar de raíz la amenaza. Eres la última esperanza de la humanidad.",,,,,,,,,,,,,,,,,,,,,,,,,,
Choice_Contiune,Continue...,,Continuer...,Weiter ...,계속…,Dalej...,Continuar...,Продолжить...,Continuar...,,,,,,,,,,,,,,,,,,,,,,,,,,
Space_Info_Vek_Spawning,VEK SPAWNING,,APPARITION DE VEKS,VEK ERSCHEINEN,VEK 출현,WYŁAŻĄ VEKI,GERAÇÃO DE VEK,ПОЯВЛЕНИЕ ВЕККОВ,VEK EMERGIENDO,,,,,,,,,,,,,,,,,,,,,,,,,,
Space_Info_Grid,GRID,,RÉSEAU,NETZ,전력망,SIEĆ,ENERGIA,ЭНЕРГОСЕТЬ,RED,,,,,,,,,,,,,,,,,,,,,,,,,,
Stats_Base_Defense,Base Defense: $1,,Défense de base : $1,Basisabwehr: $1,기본 방어율: $1,Obrona początkowa: $1,Defesa Básica: $1,Базовая защита: $1,Defensa básica: $1,,,,,,,,,,,,,,,,,,,,,,,,,,
Stats_Base_Health,Base Health: $1,,Santé de base : $1,Basisgesundheit: $1,기본 체력: $1,Zdrowie początkowe: $1,Vida Básica: $1,Базовые ОЗ: $1,Salud básica: $1,,,,,,,,,,,,,,,,,,,,,,,,,,
Stats_Base_Move,Base Move: $1,,Déplacement de base : $1,Basisbewegung: $1,기본 이동력: $1,Ruch początkowy: $1,Movim. Básica: $1,Базовое перемещение: $1,Movimiento básico: $1,,,,,,,,,,,,,,,,,,,,,,,,,,
Stats_Pilot_Bonus,Pilot Bonus: +$1,,Bonus de pilote : +$1,Pilotenbonus: +$1,조종사 보너스: +$1,Premia pilota: +$1,Bônus (Piloto): +$1,Бонус пилота: +$1,Bonificación de piloto: +$1,,,,,,,,,,,,,,,,,,,,,,,,,,
Stats_Overpower_Bonus,Overpower Bonus: +$1 / 25 (Next: +$2),,Bonus de surcharge : +$1 / 25 (suivant : +$2),Übermachtbonus: +$1 / 25 (danach: +$2),과충전 보너스: +$1 / 25 (다음: +$2),Premia za przeładowanie: +$1 / 25 (Nast.: +$2),Bônus (Sobre-energizar): +$1 / 25 (Próx: +$2),Бонус резервирования: +$1 / 25 (следующий: +$2),Bonificación de sobrecarga: +$1/25 (Siguiente: +$2),,,,,,,,,,,,,,,,,,,,,,,,,,
Stats_Move_Upgrade,Move Upgrade: +$1,,Amélioration de déplacement : +$1,Bewegungsupgrade: +$1,이동력 업그레이드: +$1,Premia do ruchu: +$1,Melhoria (Movim.): +$1,Улучшение перемещения: +$1,Mejora de movimiento: +$1,,,,,,,,,,,,,,,,,,,,,,,,,,
Stats_Team_Bonus,Team Bonus: +$1,,Bonus d'équipe : +$1,Teambonus: +$1,팀 보너스: +$1,Premia drużynowa: +$1,Bônus (Equipe): +$1,Бонус команды: +$1,Bonificación de equipo: +$1,,,,,,,,,,,,,,,,,,,,,,,,,,
Stats_Health_Upgrade,Health Upgrade: +$1,,Amélioration de santé : +$1,Gesundheitsupgrade: +$1,체력 보너스: +$1,Premia do zdrowia: +$1,Melhoria (Vida): +$1,Улучшение здоровья: +$1,Mejora de salud: +$1,,,,,,,,,,,,,,,,,,,,,,,,,,
Stats_Networked_Defense,Networked Defense: +$1,,Défense en réseau : +$1,Vernetzte Abwehr: +$1,전력망 방어율: +$1,Obrona sieciowa: +$1,Defesa com Rede: +$1,Распределенная защита: +$1,Defensa en red: +$1,,,,,,,,,,,,,,,,,,,,,,,,,,
Stats_Zoltan_Skill,Zoltan Pilot: Health Reduced to 1,,Pilote zoltan : santé réduite à 1,Zoltan-Pilot: Gesundheit auf 1 reduziert,졸탄 조종사: 체력이 1로 고정,Zoltański pilot: zdrowie zredukowane do 1,Piloto Zoltan: Vida reduz a 1,Пилот-золтан: здоровье снижено до 1,Piloto zoltan: salud reducida a 1,,,,,,,,,,,,,,,,,,,,,,,,,,
Island_Archive,Archive,,Archive,Archive,아카이브,Archive,Arquivo,«Архивы»,Archivo,,,,,,,,,,,,,,,,,,,,,,,,,,
Island_RST_Corp,RST Corp,,RST Corp,RST Corp,RST Corp,RST,RST,«Р.Ж.А.»,R.S.T.,,,,,,,,,,,,,,,,,,,,,,,,,,
Island_Pinnacle,Pinnacle,,Pinacle,Pinnacle,피나클,Pinnacle,Pináculo,«Пиннакл»,Pinnacle,,,,,,,,,,,,,,,,,,,,,,,,,,
Island_Detritus,Detritus,,DétriTue,Detritus,디트리투스,Detritus,Detritus,«Детритус»,Detritus,,,,,,,,,,,,,,,,,,,,,,,,,,
Incident_Warning,"Drawn out by your offensive against the Vek, the Hive Leader is assaulting the Corporate HQ.",,"Attiré par votre offensive contre les Veks, le chef de la ruche attaque le QG de la corporation.","Durch unsere Offensive gegen die Vek sieht sich der Schwarmführer gezwungen, die Konzernzentrale anzugreifen.","Vek이 공격으로부터 후퇴한 후, 기업 본부로 돌격중입니다.","Wasza ofensywa przeciwko vekom wykurzyła Przywódcę Roju, który zamierza zaatakować Siedzibę Korporacji.",O Líder da Colônia Vek foi atraído pela sua ofensiva e está atacando o QG da Corporação.,В ответ на ваши успехи в борьбе с векками предводитель улья решает атаковать штаб-квартиру корпорации.,"En represalia por tu ofensiva contra los vek, el líder de la colmena está asaltando la sede corporativa.",,,,,,,,,,,,,,,,,,,,,,,,,,
Incident_Warning_Title,Warning: Hive Leader,,Attention : Chef de ruche,Achtung: Schwarmführer,경고: 무리 리더,Uwaga: Przywódca Roju,Alerta: Líder da Colônia,Внимание: лидер улья,Alerta: Líder de colmena,,,,,,,,,,,,,,,,,,,,,,,,,,
Default_Region_Name,Corporate HQ,,QG de la corporation,Konzernzentrale,기업 본부,Siedziba Korporacji,QG da Corporação,Штаб корпорации,Sede corporativa,,,,,,,,,,,,,,,,,,,,,,,,,,
Disarm_Info_Touch,Tap again\nto Disarm,,Touchez à nouveau\npour désarmer,Erneut tippen\nzum Entwaffnen,다시 눌러\n무장 해제,"Stuknij ponownie,\naby rozbroić",Toque de novo\npara desarmar,"Коснитесь снова,\nчтобы отключить",Toca de nuevo\npara desarmar,,,,,,,,,,,,,,,,,,,,,,,,,,
Button_UndoTurn_Touch_1,RESET,,RÉINITIALISATION,ZURÜCKSETZEN,RESET,ZRESETUJ,REINICIAR,СБРОС,REINICIAR,,,,,,,,,,,,,,,,,,,,,,,,,,
Button_UndoTurn_Touch_2,TURN,,TOUR,RUNDE,차례,TURĘ,TURNO,ХОДА,TURNO,,,,,,,,,,,,,,,,,,,,,,,,,,
Button_UndoTurnUsed_Touch_1,RESET,,RÉINITIALISATION,ZURÜCKSETZEN,RESET,ZRESETUJ,REINÍCIO,СБРОС,REINICIO,,,,,,,,,,,,,,,,,,,,,,,,,,
Button_UndoTurnUsed_Touch_2,USED,,UTILISÉ,GENUTZT,사용함,WYKORZYSTANY,USADO,ИСПОЛЬЗОВАН,USADO,,,,,,,,,,,,,,,,,,,,,,,,,,
PawnList_Units,Units,,Unités,Einheiten,유닛 상태,Jednostki,Unidades,Юниты,Unidades,,,,,,,,,,,,,,,,,,,,,,,,,,
Corp_Grass_Bark,Archive,,Archive,Archive,아카이브,Archive,Arquivo,«Архивы»,Archivo,,,,,,,,,,,,,,,,,,,,,,,,,,
Corp_Snow_Bark,Pinnacle,,Pinacle,Pinnacle,피나클,Pinnacle,Pináculo,«Пиннакл»,Pinnacle,,,,,,,,,,,,,,,,,,,,,,,,,,
Corp_Desert_Bark,RST,,RST,RST,RST,RST,RST,«Р.Ж.А.»,R.S.T.,,,,,,,,,,,,,,,,,,,,,,,,,,
Corp_Factory_Bark,Detritus,,DétriTue,Detritus,디트리투스,Detritus,Detritus,«Детритус»,Detritus,,,,,,,,,,,,,,,,,,,,,,,,,,
Mission_Wind_Name,Wind Farm,,Parc éolien,Windfarm,풍력 발전소,Farma wiatrowa,Fazenda Eólica,Ветрогенератор,Central eólica,,,,,,,,,,,,,,,,,,,,,,,,,,
Mission_Power_Objective_InGame,Defend the Power Plants,,Défendre les centrales électriques,Verteidige die Kraftwerke.,발전소 방어,Obroń elektrownie,Defenda as Usinas de Energia,Защитить электростанции,Defiende las centrales eléctricas.,,,,,,,,,,,,,,,,,,,,,,,,,,
Mission_Power_Name,Power Plant,,Centrale électrique,Kraftwerk,발전소,Elektrownia,Usina de Energia,Электростанция,Central eléctrica,,,,,,,,,,,,,,,,,,,,,,,,,,
Touch_Store_Buy,BUY,,ACHETER,KAUFEN,구매,KUP,COMPRAR,КУПИТЬ,COMPRAR,,,,,,,,,,,,,,,,,,,,,,,,,,
Touch_Store_Sell,SELL,,VENDRE,VERKAUFEN,판매,SPRZEDAJ,VENDER,ПРОДАТЬ,VENDER,,,,,,,,,,,,,,,,,,,,,,,,,,
Touch_Island_Select,Travel to Island,,Aller sur l'île,Zu Insel reisen,섬으로 이동,Przenieś się na wyspę,Viajar à Ilha,Отправиться на остров,Viajar a la isla,,,,,,,,,,,,,,,,,,,,,,,,,,
Touch_Tap_Anywhere,Tap anywhere to continue,,Touchez pour continuer,"Tippe an eine beliebige Stelle, um fortzufahren.",아무데나 터치하여 계속,"Stuknij, aby kontynuować",Toque para continuar,"Коснитесь в любом месте, чтобы продолжить",Toca en cualquier parte para continuar,,,,,,,,,,,,,,,,,,,,,,,,,,
Mission_Factory_Objective_InGame,Defend the Factories,,Défendre les usines,Verteidige die Fabriken.,공장 방어,Obroń fabryki,Defenda as Fábricas,Защитить заводы,Defiende las fábricas.,,,,,,,,,,,,,,,,,,,,,,,,,,
Touch_Tutorial_Dismiss,(Tap to Dismiss),,(Touchez pour rejeter),(Zum Schließen antippen),(터치해 닫기),"(Stuknij, aby zamknąć)",(Toque p/ dispensar),"(Коснитесь, чтобы закрыть)",(Toca para descartar),,,,,,,,,,,,,,,,,,,,,,,,,,
Tutorial_CombatMech_Touch_Title,Combat Mech,,Mecha de combat,Kampfmech,전투 메크,Mech Bojowy,Meka Guerreiro,Ударный мех,Mech de combate,,,,,,,,,,,,,,,,,,,,,,,,,,
Tutorial_CombatMech_Touch_Text,This is your Combat Mech. It can punch any adjacent tile. \n\nSelect your Mech now by tapping on it.,,Voici votre Mecha de combat. Il est capable de frapper n'importe quelle case adjacente. \n\nSélectionnez votre Mecha en le touchant.,"Dies ist dein Kampfmech. Er kann jedes benachbarte Feld angreifen.\n\nTippe jetzt auf deinen Mech, um ihn auszuwählen.",이것은 전투 메크입니다. 인접한 타일을 칠 수 있습니다. \n\n눌러서 메크를 선택하세요.,"To jest twój Mech Bojowy. Może walnąć pięścią w przylegające pole. \n\nStuknij mecha, aby go wybrać.",Este é o seu Meka Guerreiro. Ele soca qualquer espaço adjacente.\n\nToque no seu Meka para selecioná-lo.,"Это ваш ударный мех. Он может бить по соседним клеткам.\n\nКоснитесь меха, чтобы выбрать его.",Este es tu mech de combate. Puede dar un puñetazo a cualquier casilla adyacente.\n\nToca el mech para seleccionarlo.,,,,,,,,,,,,,,,,,,,,,,,,,,
Tutorial_CombatMove_Touch_Title,,,,,,,,,,,,,,,,,,,,,,,,,,,,,,,,,,,
Tutorial_CombatMove_Touch_Text,Tap or drag here to move your Mech!,,Touchez ou faites glisser ici pour déplacer votre Mecha !,"Tippe oder ziehe hierher, um deinen Mech zu bewegen!",터치하거니 끌어서 메크를 움직이세요.,"Stuknij lub przeciągnij tutaj, aby przemieścić swojego mecha!",Toque ou arraste até aqui para mover o Meka!,"Коснитесь этой точки или проведите сюда пальцем, чтобы переместить мех!",Toca aquí o arrastra a tu mech para moverlo.,,,,,,,,,,,,,,,,,,,,,,,,,,
Tutorial_CombatWeapon_Touch_Title,Weapon Use,,Utiliser ses armes,Waffengebrauch,무장 사용,Używanie broni,Usar Armas,Использование оружия,Uso de armas,,,,,,,,,,,,,,,,,,,,,,,,,,
Tutorial_CombatWeapon_Touch_Text,Tap on a weapon to use it. \n\nYou may not move after you've shot a weapon.,,Touchez une arme pour l'utiliser. \n\nVous ne pouvez pas vous déplacer après avoir utilisé votre arme.,"Tippe auf eine Waffe, um sie zu benutzen.\n\nNach dem Abfeuern einer Waffe darfst du dich nicht bewegen.",무장을 터치해 사용합니다. \n\n무장을 사용한 후에는 움직이지 못합니다.,"Stuknij broń, aby ją wybrać.\n\nPo użyciu broni nie możesz się ruszać.",Toque em uma arma para usá-la.\n\nNão é possível se mover após disparar uma arma.,"Коснитесь оружия, чтобы применить его.\n\nПосле применения оружия перемещение невозможно.",Haz clic en un arma para usarla.\n\nEs probable que no puedas moverte después de disparar un arma.,,,,,,,,,,,,,,,,,,,,,,,,,,
Tutorial_CombatPunch_Touch_Text,Tap to aim your weapon. \n\nThen tap again to confirm the attack!,,"Touchez pour viser à l'aide de votre arme. \n\nPuis, touchez à nouveau pour confirmer l'attaque !","Tippe, um mit deiner Waffe zu zielen.\n\nTippe dann erneut, um den Angriff zu bestätigen.",터치해 무장을 조준합니다. 그 후 다시 터치해 공격합니다.,"Stuknij, aby wycelować bronią. \n\nStuknij ponownie, aby potwierdzić atak!",Toque para mirar a arma.\n\nToque de novo para confirmar o ataque!,"Коснитесь, чтобы навести оружие на цель.\n\nКоснитесь еще раз, чтобы произвести атаку!",Toca para apuntar con tu arma.\n\nToca de nuevo para confirmar el ataque.,,,,,,,,,,,,,,,,,,,,,,,,,,
Tutorial_CombatPunch_Touch_Title,,,,,,,,,,,,,,,,,,,,,,,,,,,,,,,,,,,
Tutorial_InfoButton_Touch_Title,"When confronted with new enemies, be sure to learn about their abilities. \n\nTap on a unit, then tap on its portrait on the bottom left to examine it.",,"Lorsque vous affrontez de nouveaux ennemis, prenez le temps de connaître leurs capacités. \n\nTouchez une unité, puis touchez son portrait en bas à gauche pour l'examiner en détail.","Wenn du es mit neuen Gegnern zu tun bekommst, solltest du deren Fähigkeiten kennen.\n\nTippe auf eine Einheit und anschließend auf ihr Porträt links unten, um ihre Daten aufzurufen.","새 적과 마주쳤을 때, 적의 특성을 파악하세요. \n\n유닛을 누르고 왼쪽 아래 초상화를 눌러 분석할 수 있습니다.","Gdy spotykasz nowych wrogów, poznaj ich zdolności. \n\nStuknij wybraną jednostkę, a następnie jej portret na dole ekranu, po lewej stronie, aby uzyskać informacje o niej.","Quando enfrentar novos inimigos, preste atenção às habilidades deles.\n\nToque numa unidade, depois no retrato dela no canto esquerdo para examinar.","Повстречав новых врагов, не забудьте ознакомиться с их способностями.\n\nКоснитесь юнита, а затем коснитесь его портрета в нижней левой части экрана, чтобы изучить его.","Cuando te enfrentes a enemigos nuevos, primero, averigua qué habilidades tienen.\n\nToca una unidad y, luego, su retrato (abajo a la izquierda) para examinarla.",,,,,,,,,,,,,,,,,,,,,,,,,,
Tutorial_InfoButton_Touch_Text,Inspect Units,,Inspecter les unités,Einheiten ansehen,유닛 분석,Inspekcja jednostek,Inspecionar Unidades,Изучение юнитов,Inspeccionar unidades,,,,,,,,,,,,,,,,,,,,,,,,,,
Tutorial_Jelly_Touch_Title,Vek Psion,,Psion Vek,Vek-Psion,사이온 Vek,Psionik veków,Psion Vek,Векк-псион,Vek psiónico,,,,,,,,,,,,,,,,,,,,,,,,,,
Tutorial_Jelly_Touch_Text,"This enemy Psion provides a passive bonus to all other Vek. Killing it removes the bonus. \n\nTap on the Psion, then tap on its portrait on the bottom left to see details.",,"Ce Psion ennemi confère un bonus passif à tous les autres Veks. Ce bonus disparaît si vous le tuez. \n\nTouchez le Psion, puis touchez son portrait en bas à gauche pour en savoir plus à son sujet.","Dieser gegnerische Psion verleiht allen anderen Vek einen passiven Bonus. Durch seine Vernichtung fällt dieser Bonus weg.\n\nTippe auf den Psion und anschließend auf sein Porträt links unten, um seine Daten aufzurufen.",이 적 사이온은 다른 모든 Vek에게 패시브 보너스를 줍니다. 죽이면 보너스가 없어집니다. \n\n사이온을 누르고 왼쪽 아래 초상화를 눌러 자세한 내용을 알아보세요.,"Ten psionik zapewnia pasywną premię innym vekom. Zabicie go usunie to wzmocnienie.\n\nStuknij psionika, a następnie jego portret na dole ekranu, po lewej stronie, aby uzyskać informacje o nim.",Este Psion inimigo oferece bônus passivo a todos os demais Vek. Mate-o para remover o bônus.\n\nToque no Psion e depois no retrato dele no canto esquerdo inferior para ver detalhes.,"Вражеский псион дает остальным веккам ощутимый бонус. Убив его, вы лишите врага преимущества.\n\nКоснитесь псиона, а затем коснитесь его портрета в нижней левой части экрана, чтобы узнать о нем больше.","Este enemigo psiónico proporciona una bonificación pasiva a todos los demás vek. Cuando muera, perderán dicha bonificación.\n\nToca el psiónico y, luego, su retrato (abajo a la izquierda) para ver los detalles.",,,,,,,,,,,,,,,,,,,,,,,,,,
Tutorial_CombatMonster_Touch_Title,Enemy Attacks,,Attaques ennemies,Gegnerischer Angriff,적의 공격,Ataki wroga,Ataques Inimigos,Вражеские атаки,Ataques enemigos,,,,,,,,,,,,,,,,,,,,,,,,,,
Tutorial_CombatMonster_Touch_Text,"Every enemy attack is forewarned. Next turn, this one will attack the buildings. \n\nTap on an enemy to see details about its attack.",,"Les attaques ennemies sont annoncées à l'avance. Par exemple, cette unité attaquera les bâtiments au prochain tour. \n\nTouchez un ennemi pour en apprendre davantage sur son attaque.","Das Angriffsziel von Gegnern ist im Voraus bekannt. Nächste Runde greift dieser Gegner die Gebäude an.\n\nTippe auf einen Gegner, um mehr über dessen Angriff zu erfahren.",모든 적의 공격은 예고됩니다. 이 공격은 다음 턴에 빌딩을 칩니다. \n\n적을 터치해 자세한 내용을 알아보세요.,"Każdy atak wroga jest uprzednio zapowiedziany. W kolejnej turze ten wróg zaatakuje budynki. \n\nStuknij jednostkę wroga, aby dowiedzieć się więcej.","Todo ataque inimigo é anunciado. No próximo turno, este inimigo atacará as estruturas.\n\nToque no inimigo para se informar sobre o ataque dele.","О каждой вражеской атаке игра сообщает вам заранее. На следующем ходу этот враг попытается атаковать здания.\n\nКоснитесь врага, чтобы увидеть подробности грядущей атаки.","Todos los ataques de los enemigos se saben de antemano. El próximo turno, este atacará a los edificios.\n\nToca un enemigo para conocer los detalles sobre su ataque.",,,,,,,,,,,,,,,,,,,,,,,,,,
Squad_List_Purchase_Touch,Purchase Squad,,Acheter escadron,Einheit kaufen,분대 해제,Kup oddział,Comprar Esquadrão,Купить отряд,Comprar escuadrón,,,,,,,,,,,,,,,,,,,,,,,,,,
Squad_List_Purchase_Locked,Earn More Coins,,Il vous faut plus de pièces,Erhalte mehr Münzen,코인 필요,Zdobądź więcej monet,Ganhe mais Moedas,Заработайте больше монет,Consigue más monedas.,,,,,,,,,,,,,,,,,,,,,,,,,,
Squad_List_Purchase_Custom,Unlock more Mechs to use!,,Débloquez davantage de Mechas à utiliser !,Schalte mehr Mechs frei!,메크를 해제해 사용 가능,Musisz odblokować więcej mechów!,Desbloqueie mais Mekas para usar!,Разблокируйте новые мехи!,¡Disponible tras desbloquear más mechs!,,,,,,,,,,,,,,,,,,,,,,,,,,
Customize_Instructions,"Left-click to add a Mech, Right-click to remove a Mech",,"Clic gauche pour ajouter un Mecha, clic droit pour le retirer",Per Linksklick fügst du einen Mech hinzu. Per Rechtsklick entfernst du einen Mech.,"좌클릭으로 메크 추가, 우클릭으로 메크 제외","Kliknij LPM, aby dodać mecha. Kliknij PPM, aby usunąć mecha.","Clique com o botão esquerdo para adicionar um Meka, ou com o direito para remover","Щелкните левой кнопкой, чтобы добавить мех, или правой, чтобы убрать его",Haz clic con el botón izquierdo para añadir un mech y con el derecho para quitarlo.,,,,,,,,,,,,,,,,,,,,,,,,,,
Customize_Instructions_Touch,(Tap to Remove Mech),,(Touchez pour retirer le Mecha),"(Antippen, um Mech zu entfernen.)",(터치해 메크 제외),"(Stuknij, aby usunąć mecha)",(Toque para remover o Meka),"(Коснитесь, чтобы убрать мех)",(Toca para quitar un mech),,,,,,,,,,,,,,,,,,,,,,,,,,
Gamepad_Undo_Store,Undo All,,Tout annuler,Alles rückgängig,실행취소,Cofnij wszystkie,Desf. Tudo,Отменить все,Deshacer todo,,,,,,,,,,,,,,,,,,,,,,,,,,
Store_Supplies,Supplies,,Fournitures,Nachschub,보급품,Zaopatrzenie,Suprimentos,Снабжение,Suministros,,,,,,,,,,,,,,,,,,,,,,,,,,
Store_MaxPower,Max,,Max,Max.,최대,Maks.,Máx,Макс.,Máx.,,,,,,,,,,,,,,,,,,,,,,,,,,
Store_GridBonus,+$1 Def,,+$1 en déf.,+$1 Abw,+$1 방어,Obr. +$1,+$1 Def,+$1 защ.,+$1 DEF,,,,,,,,,,,,,,,,,,,,,,,,,,
Effect_MaxPower,Maxed Out,,Au max,Maximal,최대,Maksimum,No máximo,Максимум,Máximo,,,,,,,,,,,,,,,,,,,,,,,,,,
Effect_GridBonus,+$1 Grid Def,,+$1 en déf. Réseau,+$1 Netz-Abw,+$1 방어율,Obr. Sieci +$1,+$1 Def de Rede,+$1 защ. э/с.,+$1 DEF a red,,,,,,,,,,,,,,,,,,,,,,,,,,
Gamepad_AutoUnknown,Unknown,,Inconnue,Unbekannt,알수없음,Nieznany,Desconhecido,Неизвестно,Desconocido,,,,,,,,,,,,,,,,,,,,,,,,,,
Gameover_Timeline,Timeline Lost,,Temporalité perdue,Zeitachse verloren,시간선 멸망,Linia czasu utracona,Linha Temporal Perdida,Временная ветвь потеряна,Línea temporal perdida,,,,,,,,,,,,,,,,,,,,,,,,,,
Gameover_Select,Mech Selection,,Choix du Mecha,Mechauswahl,메크 선택,Wybór mecha,Seleção de meka,Выбор мехов,Selección de mech,,,,,,,,,,,,,,,,,,,,,,,,,,
Gameover_Over,Game Over,,Partie terminée,Spielende,게임 오버,Koniec gry,Fim de Jogo,Игра окончена,Fin de la partida,,,,,,,,,,,,,,,,,,,,,,,,,,
Gameover_Saved,Timeline Saved,,Temporalité sauvée,Zeitachse gerettet,시간선 구원,Linia czasu ocalona,Linha Temporal Salva,Временная ветвь спасена,Línea temporal salvada,,,,,,,,,,,,,,,,,,,,,,,,,,
Gameover_NoPilots,You have no pilots alive to send back in time.,,Vous n'avez aucun pilote vivant à renvoyer dans le passé.,"Du hast keine Piloten mehr, die du in der Zeit zurückschicken kannst.",시간을 돌려보낼 살아 있는 조종사가 없습니다.,Brak żywych pilotów do wysłania w przeszłość,Você não tem mais pilotos vivos para enviar ao passado.,"Пилотов не осталось, в прошлое отправлять некого.",No tienes pilotos vivos a los que enviar al pasado.,,,,,,,,,,,,,,,,,,,,,,,,,,
Gameover_ClickAnywhere,(Click anywhere to return to the main menu),,(Cliquez n'importe où pour revenir au menu principal),"(Klicke an einer beliebigen Stelle, um zum Hauptmenü zurückzukehren.)",(아무 곳이나 클릭해 메인메뉴로 진행),"(Kliknij, aby wrócić do menu głównego)",(Clique para voltar ao menu principal),"(Щелкните левой кнопкой, чтобы вернуться в главное меню)",(Haz clic en cualquier parte para volver al menú principal),,,,,,,,,,,,,,,,,,,,,,,,,,
Gameover_ClickAnywhere_Touch,(Tap anywhere to return to the main menu),,(Touchez n'importe où pour revenir au menu principal),"(Tippe an einer beliebigen Stelle, um zum Hauptmenü zurückzukehren.)",(아무 곳이나 터치해 메인메뉴로 진행),"(Stuknij, aby wrócić do menu głównego)",(Toque para voltar ao menu principal),"(Коснитесь экрана, чтобы вернуться в главное меню)",(Toca en cualquier parte para volver al menú principal),,,,,,,,,,,,,,,,,,,,,,,,,,
Gameover_Instructions,Select one pilot to continue the fight in your next timeline.,,Sélectionnez un pilote qui poursuivra le combat dans votre prochaine temporalité.,"Wähle einen Piloten, um den Kampf in deiner nächsten Zeitachse fortzuführen.",다음 시간선에서도 계속 싸울 조종사 하나를 선택하세요.,"Wybierz pilota, który podejmie walkę w kolejnej linii czasu.",Selecione um piloto para retomar a luta na próxima linha temporal.,"Выберите пилота, который продолжит сражаться в следующей временной ветви.",Selecciona a un piloto para seguir luchando en la próxima línea temporal.,,,,,,,,,,,,,,,,,,,,,,,,,,
Confirm_Select_Touch,SELECT,,SÉLECTIONNER,AUSWÄHLEN,선택,WYBIERZ,SELECIONAR,ВЫБРАТЬ,SELECCIONAR,,,,,,,,,,,,,,,,,,,,,,,,,,
Gameover_Civilians,Civilians Saved: $1,,Civils sauvés : $1,Gerettete Zivilisten: $1,구한 민간인: $1,Ocaleni cywile: $1,Civis Salvos: $1,Мирных жителей спасено: $1,Civiles salvados: $1,,,,,,,,,,,,,,,,,,,,,,,,,,
Gameover_Time,Time Played: $1,,Temps de jeu : $1,Gespielte Zeit: $1,플레이 횟수: $1,Czas gry: $1,Tempo de Jogo: $1,Времени в игре: $1,Tiempo de juego: $1,,,,,,,,,,,,,,,,,,,,,,,,,,
Gameover_Islands,Islands Secured: $1,,Îles sécurisées : $1,Gesicherte Inseln: $1,해방한 섬: $1,Zabezpieczone wyspy: $1,Ilhas Defendidas: $1,Островов отбито: $1,Islas salvadas: $1,,,,,,,,,,,,,,,,,,,,,,,,,,
Top_PowerGrid_1,POWER,,PUISSANCE,ENERGIE-,전력,SIEĆ,REDE DE,ЭНЕРГОСЕТЬ,ENERGÍA,,,,,,,,,,,,,,,,,,,,,,,,,,
Top_PowerGrid_2,GRID,,RÉSEAU,NETZ,그리드,ZASILANIA,ENERGIA,,RED,,,,,,,,,,,,,,,,,,,,,,,,,,
Top_GridDefense_1,GRID,,RÉSEAU,NETZ-,그리드,OBRONA,DEFESA,ЗАЩИТА,RED,,,,,,,,,,,,,,,,,,,,,,,,,,
Top_GridDefense_2,DEFENSE,,DÉFENSE,ABWEHR,방어율,SIECI,DE REDE,,DEFENSA,,,,,,,,,,,,,,,,,,,,,,,,,,
Stats_Defeated,Defeated,,Vaincu,Besiegt,패배,Porażka,Derrotado,Поражение,Derrota,,,,,,,,,,,,,,,,,,,,,,,,,,
Victory_XP_Gain,+$1 XP,,+$1 XP,+$1 EP,+$1 XP,+$1 PD,+$1 EXP,+$1 ОП,+$1 EXP,,,,,,,,,,,,,,,,,,,,,,,,,,
Victory_XP_Loss,-$1 XP,,-$1 XP,-$1 EP,-$1 XP,-$1 PD,-$1 EXP,-$1 ОП,-$1 EXP,,,,,,,,,,,,,,,,,,,,,,,,,,
PawnList_XP,XP,,XP,EP,XP,PD,EXP,ОП,EXP,,,,,,,,,,,,,,,,,,,,,,,,,,
Combat_Attack_Order,Attack Order,,Ordre d'attaque,Angriffsfolge,공격 순서,Kolejność ataków,Ordem de Ataques,Очередь атак,Orden de ataque,,,,,,,,,,,,,,,,,,,,,,,,,,
Combat_Attack_Order_Top,Attack,,Ordre,Angriffs-,공격,Kolejność,Ordem de,Очередь,Orden de,,,,,,,,,,,,,,,,,,,,,,,,,,
Combat_Attack_Order_Bottom,Order,,d'attaque,folge,순서,Ataków,Ataque,атак,ataque,,,,,,,,,,,,,,,,,,,,,,,,,,
Stats_Saved,Saved: $1,,Sauvegardé : $1,Gerettet: $1,구조: $1,Uratowani: $1,Salvou: $1,Спасено: $1,Salvado: $1,,,,,,,,,,,,,,,,,,,,,,,,,,
Upgrade_NoPowerSingle,Requiers 1 power!,,1 de puissance !,Braucht 1 Energie!,전력 1 필요!,Wymaga 1 pkt. mocy!,Requer 1 de energia!,1 ед. энергии!,¡Se necesita 1 de energía!,,,,,,,,,,,,,,,,,,,,,,,,,,
Upgrade_NoPower,Requires $1 power!,,$1 de puissance !,Braucht $1 Energie!,전력 $1 필요!,Wymaga $1 pkt. mocy!,Requer $1 de energia!,$1 ед. энергии!,¡Usa $1 de energía!,,,,,,,,,,,,,,,,,,,,,,,,,,
Upgrade_PowerWeapon,Power Weapon!,,Alimenter arme !,Waffe aktivieren!,무장 전원 공급 필요!,Zasil broń!,Energize Arma!,Вкл. оружие!,¡Arma de energía!,,,,,,,,,,,,,,,,,,,,,,,,,,
Upgrade_PowerPassive,Power Passive!,,Alimenter passive !,Passiv aktivieren!,패시브 전원 공급 필요!,Zasil zdolność!,Energize Passiva!,Вкл. усиление!,¡Energía pasiva!,,,,,,,,,,,,,,,,,,,,,,,,,,
Upgrade_NotPowered,Not Powered,,Non alimenté,Keine Energie,전원 공급 없음,Brak mocy,Sem Energia,Нет энергии,Descargado,,,,,,,,,,,,,,,,,,,,,,,,,,
Upgrade_Unequip,Unequip,,Déséquiper,Entfernen,해제,Zdejmij,Desequipar,Демонтировать,Quitar,,,,,,,,,,,,,,,,,,,,,,,,,,
Credits_Victory,Victory!,,Victoire !,Sieg!,승리!,Zwycięstwo!,Vitória!,Победа!,¡Victoria!,,,,,,,,,,,,,,,,,,,,,,,,,,
Credits_Effort,Thanks to the valiant efforts of:,,Grâce aux vaillants efforts de :,Dank der heldenhaften Bemühungen,다음의 용기있는 조종사들에게 감사드립니다:,"Oto chwila tryumfu, za który przelali krew i pot:",Graças aos valentes esforços de:,"Силами таких героев, как",Gracias a lo valerosos esfuerzos de:,,,,,,,,,,,,,,,,,,,,,,,,,,
Victory_Robotic_First,A Robotic Auto-Pilot,,Un pilote automatique robotisé,eines Roboter-Autopiloten,자동조종 로봇,Robot pilotujący,Um Autopiloto Robótico,искусственный автопилот,Un piloto automático robótico,,,,,,,,,,,,,,,,,,,,,,,,,,
Victory_Robotic_Second,a Robotic Auto-Pilot,,un pilote automatique robotisé,eines Roboter-Autopiloten,자동조종 로봇,robot pilotujący,um Autopiloto Robótico,искусственный автопилот,un piloto automático robótico,,,,,,,,,,,,,,,,,,,,,,,,,,
Victory_Robotic_Plural_First,The Robotic Auto-Pilots,,Les pilotes automatiques robotisés,der Roboter-Autopiloten,자동조종 로봇,Roboty pilotujące,Os Autopilotos Robóticos,искусственные автопилоты,Los pilotos automáticos robóticos,,,,,,,,,,,,,,,,,,,,,,,,,,
Victory_Robotic_Plural_Second,the Robotic Auto-Pilots,,les pilotes automatiques robotisés,der Roboter-Autopiloten,자동조종 로봇,roboty pilotujące,os Autopilotos Robóticos,искусственные автопилоты,los pilotos automáticos robóticos,,,,,,,,,,,,,,,,,,,,,,,,,,
Victory_Namelist_Two,$1 and $2,,$1 et $2,$1 und $2,"$1, $2",$1 i $2,$1 e $2,"$1 и $2,",$1 y $2,,,,,,,,,,,,,,,,,,,,,,,,,,
Victory_Namelist_Three,"$1, $2, and $3",,"$1, $2 et $3","$1, $2 und $3","$1, $2, $3","$1, $2 i $3","$1, $2, e $3","$1, $2 и $3,","$1, $2 y $3",,,,,,,,,,,,,,,,,,,,,,,,,,
Victory_Final_Flavor,"The Vek Hive has been destroyed, saving this timeline from ultimate doom. Humanity can now begin to recover from the destruction wrought by the Vek.",,"La ruche vek a été détruite, ce qui a sauvé cette temporalité de l'anéantissement. L'humanité va désormais pouvoir commencer à rebâtir tout ce qui a été ravagé par les Veks.",Das Vek-Nest wurde zerstört und diese Zeitachse vor dem Untergang bewahrt. Die Menschheit kann sich nun von der Zerstörung durch die Vek erholen.,Vek 둥지가 일망타진되어 시간선을 완전한 멸망으로부터 구해냈습니다. 인류는 Vek이 파괴한 폐허에서 다시 일어설 것입니다.,"Ul veków został zniszczony, dzięki czemu udało się ocalić tę linię czasu. Ludzkość może rozpocząć odbudowę na zgliszczach zniszczonego wojną świata.","A Colônia Vek foi dizimada, salvando esta linha temporal da destruição total. Agora a humanidade pode se recuperar da destruição causada pelos Vek.","улей векков был уничтожен, а временная линия спасена от неминуемой гибели. Человечество постепенно начинает восстанавливаться от разрушений, учиненных векками.","La colmena vek ha sido destruida, con lo que se ha salvado a esta línea temporal de su destrucción. La humanidad puede empezar a recuperarse de la destrucción causada por los vek.",,,,,,,,,,,,,,,,,,,,,,,,,,
Victory_Final_Protected,Island Civilian lives protected:,,Civils sauvés sur les îles :,Inselzivilisten beschützt:,보호한 섬의 민간인:,Ocaleni cywile na wyspach:,Civis salvos:,Спасено мирных жителей островов:,Civiles de la isla protegidos:,,,,,,,,,,,,,,,,,,,,,,,,,,
Victory_Final_Billions,Total Earth lives saved: approx. 4.6 billion,,"Total de vies sauvées sur Terre : environ 4,6 milliards","Insgesamt gerettete Leben: etwa 4,6 Milliarden",현재 지구의 총 인구: 약 46억,"Łączna liczba ocalonych na Ziemi: ok. 4,6 mld ludzi.","Total de vidas salvas na Terra: aprox. 4,6 bilhões","Спасено жизней по всей Земле: ок. 4,6 млрд","Total de vidas salvadas en la Tierra: 4,6 mil millones, aprox.",,,,,,,,,,,,,,,,,,,,,,,,,,
Victory_Severely_Injured,Severely\nInjured,,Gravement\nblessé,Schwer\nverletzt,중상,Poważnie\nranny,Danos\ncríticos,Тяжелое\nранение,Heridas\ngraves,,,,,,,,,,,,,,,,,,,,,,,,,,
Victory_Killed_In_Action,Killed \nin \nAction,,Mort \nau \ncombat,Im\nKampf\ngefallen,전사,Zabity\nw\nwalce,Eliminado \nem \nCombate,Пал\nсмертью\nхрабрых,Murió \nen \ncombate,,,,,,,,,,,,,,,,,,,,,,,,,,
Victory_Promoted,Promoted!,,Promotion !,Befördert!,진급!,Awans!,Promovido!,Повышение!,¡Ascenso!,,,,,,,,,,,,,,,,,,,,,,,,,,
Victory_Max_Level,Max Level,,Niveau max,Max. Stufe,최대 레벨,Maks. poziom,Nível Máx.,Макс. уровень,Nivel máximo,,,,,,,,,,,,,,,,,,,,,,,,,,
Research_No_Pilot,No pilot,,Pas de pilote,Kein Pilot,조종사 없음,Brak pilota,Sem piloto,Нет пилота,Sin piloto,,,,,,,,,,,,,,,,,,,,,,,,,,
Region_Volcanic_Hive,Volcanic Hive,,Ruche volcanique,Vulkannest,화산 하이브,Ul wulkaniczny,Colônia Vulcânica,Вулканический улей,Colmena volcánica,,,,,,,,,,,,,,,,,,,,,,,,,,
Pawn_Box_Uses,Uses,,Charges,Anwendungen,사용 횟수,Ładunki,Usos,Осталось:,Usos,,,,,,,,,,,,,,,,,,,,,,,,,,
No_Unit_On_Tile,No unit on tile.,,Aucune unité sur cette tuile.,Keine Einheit auf Feld.,타일 유닛 없음,Brak jedn. na polu.,Nenhuma unidade no espaço,В клетке нет юнитов.,Ninguna unidad en la casilla.,,,,,,,,,,,,,,,,,,,,,,,,,,
Damage_Kill,Kill,,Élimination,Zerstört,처치,Zabija,Eliminar,уничтожение,Muerte,,,,,,,,,,,,,,,,,,,,,,,,,,
Pilot_Unpowered,(Unpowered),,(Non alimenté),(Nicht aktiviert),(전원 공급 없음),(Brak zasilania),(Sem energia),(без энергии),(Descargado),,,,,,,,,,,,,,,,,,,,,,,,,,
Inventory_Upgrade,$1 Upgrade,,Amélioration : $1,$1-Upgrade,$1 업그레이드,Ulepszenie: $1,Melhoria $1,Улучшение: $1,Mejora $1,,,,,,,,,,,,,,,,,,,,,,,,,,
Island_End_Warning,WARNING: SEISMIC ACTIVITY,,ALERTE : ACTIVITÉ SISMIQUE,ACHTUNG: SEISMISCHE AKTIVITÄT,경고: 지진 감지,UWAGA: AKTYWNOŚĆ SEJSMICZNA,ALERTA: ATIVIDADE SÍSMICA,ТРЕВОГА: СЕЙСМИЧЕСКАЯ АКТИВНОСТЬ,ALERTA: ACTIVIDAD SÍSMICA,,,,,,,,,,,,,,,,,,,,,,,,,,
Pilot_Surnames,"Huang, Ferry, Smith, Kirk, Waller, Volkov, Kim, Perez, Romano, Correa, Prieto, Montes, Berezin, Patel, Acharya, Singh, Kirby, Sanchez, Chavez, Nguyen, Lee, Zhang, Tigani, Torcasio, Koleda","Huang, Ferry, Smith, Kirk, Waller, Volkov, Kim, Perez, Romano, Correa, Prieto, Montes, Berezin, Patel, Acharya, Singh, Kirby, Sanchez, Chavez, Nguyen, Lee, Zhang, Tigani, Torcasio, Koleda","Huang, Ferry, Smith, Kirk, Waller, Volkov, Kim, Perez, Romano, Correa, Prieto, Montes, Berezin, Patel, Acharya, Singh, Kirby, Sanchez, Chavez, Nguyen, Lee, Zhang, Tigani, Torcasio, Koleda","Huang, Ferry, Smith, Kirk, Waller, Volkov, Kim, Perez, Romano, Correa, Prieto, Montes, Berezin, Patel, Acharya, Singh, Kirby, Sanchez, Chavez, Nguyen, Lee, Zhang, Tigani, Torcasio, Koleda","황, 페리, 스미스, 크릭, 월러, 볼코프, 김, 페레즈, 로마노, 코레아, 프리에토, 몬테즈, 베레진, 파텔, 아차야, 싱, 커비, 산체스, 차베스, 응우옌, 리, 장, 티가니, 토카시오, 콜레다","Huang, Ferry, Smith, Kirk, Waller, Volkov, Kim, Perez, Romano, Correa, Prieto, Montes, Berezin, Patel, Acharya, Singh, Kirby, Sanchez, Chavez, Nguyen, Lee, Zhang, Tigani, Torcasio, Koleda, Drakkainen, Tichyj, Lem","Huang, Ferry, Smith, Kirk, Waller, Volkov, Kim, Perez, Romano, Correa, Prieto, Montes, Berezin, Patel, Acharya, Singh, Kirby, Sanchez, Chavez, Nguyen, Lee, Zhang, Tigani, Torcasio, Koleda","Хуан, Ферри, Смит, Кирк, Уоллер, Седых, Ким, Перес, Романо, Корреа, Прието, Монтес, Мороз, Патель, Ачарья, Сингх, Кирби, Санчес, Чавес, Нгуен, Ли, Чжан, Тигани, Торкасио, Коледа","Huang, Ferry, Smith, Kirk, Waller, Volkov, Kim, Pérez, Romano, Correa, Prieto, Montes, Berezin, Patel, Acharya, Singh, Kirby, Sánchez, Chávez, Nguyen, Lee, Zhang, Tigani, Torcasio, Koleda",,,,,,,,,,,,,,,,,,,,,,,,,,
Female_First,"Willow, Alison, Chloe, Maria, Ana, Clara, Amelia, Tatiana, Zoe, Myra, Esther, Nadia, Nora, Ayesha, Sofia, Isabel, Jill, Isla, Airilee, Sam, Urbana, Estelle, Ilona, Mikayla, Elizabeth, Lauren ","Willow, Alison, Chloe, Maria, Ana, Clara, Amelia, Tatiana, Zoe, Myra, Esther, Nadia, Nora, Ayesha, Sofia, Isabel, Jill, Isla, Airilee, Sam, Urbana, Estelle, Ilona, Mikayla, Elizabeth, Lauren ","Willow, Alison, Chloe, Maria, Ana, Clara, Amelia, Tatiana, Zoe, Myra, Esther, Nadia, Nora, Ayesha, Sofia, Isabel, Jill, Isla, Airilee, Sam, Urbana, Estelle, Ilona, Mikayla, Elizabeth, Lauren ","Willow, Alison, Chloe, Maria, Ana, Clara, Amelia, Tatiana, Zoe, Myra, Esther, Nadia, Nora, Ayesha, Sofia, Isabel, Jill, Isla, Airilee, Sam, Urbana, Estelle, Ilona, Mikayla, Elizabeth, Lauren ","윌로우, 엘리슨, 클로에, 마리아, 아나, 클레라, 아멜리아, 타티니아, 조이, 미라, 에스더, 나디아, 노라, 아이샤, 소피아, 이사벨, 안, 이슬라, 아이레, 삼, 어바나, 에스텔, 일로나, 미카일라, 엘리자베스, 라우렌 ","Willow, Alison, Chloe, Maria, Ana, Clara, Amelia, Tatiana, Zoe, Myra, Esther, Nadia, Nora, Ayesha, Sofia, Isabel, Jill, Isla, Airilee, Sam, Urbana, Estelle, Ilona, Mikayla, Elizabeth, Lauren, Ciri ","Willow, Alison, Chloe, Maria, Ana, Clara, Amelia, Tatiana, Zoe, Myra, Esther, Nadia, Nora, Ayesha, Sofia, Isabel, Jill, Isla, Airilee, Sam, Urbana, Estelle, Ilona, Mikayla, Elizabeth, Lauren ","Уиллоу, Элисон, Хлоя, Мария, Ана, Клара, Амелия, Татьяна, Зои, Мира, Эстер, Надя, Нора, Аиша, София, Изабель, Джилл, Исла, Эйрили, Сэм, Урбана, Эстель, Илона, Микайла, Элизабет, Лорен ","Willow, Alison, Chloe, María, Ana, Clara, Amelia, Tatiana, Zoe, Myra, Esther, Nadia, Nora, Ayesha, Sofía, Isabel, Jill, Isla, Airilee, Sam, Urbana, Estelle, Ilona, Mikayla, Elizabeth, Lauren ",,,,,,,,,,,,,,,,,,,,,,,,,,
Male_First,"Peter, David, Pierre, Mateo, Elijah, Dylan, Alexis, Miguel, Ori, Omar, Aidan, Anton, Leo, Liam, Nikola, Stefan, Maxim, Fox, Bigby, Charlie, Michael, Nick, Sergei, Philip, Thuy, Collin, Steve","Peter, David, Pierre, Mateo, Elijah, Dylan, Alexis, Miguel, Ori, Omar, Aidan, Anton, Leo, Liam, Nikola, Stefan, Maxim, Fox, Bigby, Charlie, Michael, Nick, Sergei, Philip, Thuy, Collin, Steve","Peter, David, Pierre, Mateo, Elijah, Dylan, Alexis, Miguel, Ori, Omar, Aidan, Anton, Leo, Liam, Nikola, Stefan, Maxim, Fox, Bigby, Charlie, Michael, Nick, Sergei, Philip, Thuy, Collin, Steve","Peter, David, Pierre, Mateo, Elijah, Dylan, Alexis, Miguel, Ori, Omar, Aidan, Anton, Leo, Liam, Nikola, Stefan, Maxim, Fox, Bigby, Charlie, Michael, Nick, Sergei, Philip, Thuy, Collin, Steve","피터, 데이비드, 피에르, 마테오, 엘리야, 딜런, 알렉시스, 미구엘, 오리, 오마르, 에이든, 안톤, 레오, 리암, 니콜라, 스테판, 맥심, 폭스, 빅비, 찰리, 마이클, 닉, 세르게이, 필립, 휴이, 콜린, 스티브","Peter, David, Pierre, Mateo, Elijah, Dylan, Alexis, Miguel, Ori, Omar, Aidan, Anton, Leo, Liam, Nikola, Stefan, Maxim, Fox, Bigby, Charlie, Michael, Nick, Sergei, Philip, Thuy, Collin, Steve, Vuko","Peter, David, Pierre, Mateo, Elijah, Dylan, Alexis, Miguel, Ori, Omar, Aidan, Anton, Leo, Liam, Nikola, Stefan, Maxim, Fox, Bigby, Charlie, Michael, Nick, Sergei, Philip, Thuy, Collin, Steve","Питер, Дэвид, Пьер, Матео, Элайджа, Дилан, Алексей, Мигель, Ори, Омар, Эйдан, Антон, Лео, Лиам, Никола, Стефан, Максим, Фокс, Бигби, Чарли, Майкл, Ник, Сергей, Филип, Тай, Колин, Стив","Peter, David, Pierre, Mateo, Elijah, Dylan, Alexis, Miguel, Ori, Omar, Aidan, Anton, Leo, Liam, Nikola, Stefan, Maxim, Fox, Bigby, Charlie, Michael, Nick, Sergei, Philip, Thuy, Collin, Steve",,,,,,,,,,,,,,,,,,,,,,,,,,
Vek_First,"Xakran, Kxlatl, Taaxetizl","Xakran, Kxlatl, Taaxetizl","Xakran, Kxlatl, Taaxetizl","Xakran, Kxlatl, Taaxetizl","샤크란, 반둘, 타아악세티즈","Xakran, Kxlatl, Taaxetizl","Xakran, Kxlatl, Taaxetizl","Заккран, Кслатль, Тааксетидзл","Xakran, Kxlatl, Taaxetizl",,,,,,,,,,,,,,,,,,,,,,,,,,
AI_First,"Clare, Serhina, Coral, Qualia, Zera, Mary, Binary, Genos, Raine, Penny, Celestine, Cinnabar, Calypso, Ganymede, Leda, Fenrir, Zas","Clare, Serhina, Coral, Qualia, Zera, Mary, Binary, Genos, Raine, Penny, Celestine, Cinnabar, Calypso, Ganymede, Leda, Fenrir, Zas","Clare, Serhina, Coral, Qualia, Zera, Mary, Binary, Genos, Raine, Penny, Celestine, Cinnabar, Calypso, Ganymede, Leda, Fenrir, Zas","Clare, Serhina, Coral, Qualia, Zera, Mary, Binary, Genos, Raine, Penny, Celestine, Cinnabar, Calypso, Ganymede, Leda, Fenrir, Zas","클레어, 세르히나, 코랄, 퀼리아, 제라, 마리, 바이너리, 지노스, 레인, 페니, 셀레스틴, 시나바, 칼립소, 가니메데, 리다, 펜리르, 자스","Clare, Serhina, Coral, Qualia, Zera, Mary, Binaria, Genos, Raine, Penny, Celestine, Cinnabar, Kalipso, Ganimedes, Leda, Fenrir, Zas, Dijkstra, Ajax, Elwro, Mara, Gibarian, Hann, Kserkses, Golem XIV","Clare, Serhina, Coral, Qualia, Zera, Mary, Binary, Genos, Raine, Penny, Celestine, Cinnabar, Calypso, Ganymede, Leda, Fenrir, Zas","Клэр, Серина, Корал, Куалия, Зера, Мэри, Бинарий, Генос, Рейна, Пенни, Селестина, Афина, Калипсо, Ганимед, Леда, Фенрис, Зас","Clara, Serhina, Coral, Qualia, Zera, Mary, Binaria, Genos, Raine, Penny, Celestina, Cinabrio, Calipso, Ganimedes, Leda, Fenrir, Zas",,,,,,,,,,,,,,,,,,,,,,,,,,
Acid_Vat,Acid Vat,,Cuve d'acide,Säuretank,Acid 통,Zbiornik z kwasem,Cuba de A.C.I.D,Бак с кислотой,Tanque de ácido,,,,,,,,,,,,,,,,,,,,,,,,,,
Weapon_Available,Weapon\nAvailable,,Arme\ndisponible,Waffe\nverfügbar,무장\n사용가능,Dostępna\nbroń,Arma\ndisponível,Оружие\nдоступно,Arma\ndisponible,,,,,,,,,,,,,,,,,,,,,,,,,,
Pilot_Available,Pilot\nAvailable,,Pilote\ndisponible,Pilot\nverfügbar,조종사\n사용가능,Dostępny\npilot,Piloto\ndisponível,Пилот\nдоступен,Piloto\ndisponible,,,,,,,,,,,,,,,,,,,,,,,,,,
No_Achievements,No Achievements,,Aucun succès,Keine Erfolge,도전과제 없음,Brak osiągnięć,Sem conquistas,Достижений нет,Sin logros,,,,,,,,,,,,,,,,,,,,,,,,,,
Toggle_Large_Handheld,Larger Fonts (Handheld Mode),,Fontes plus grandes (mode portable),Größere Schrift (Handheld-Modus),큰 글씨 (모바일 모드),Duże czcionki (tryb mobilny),Fontes Maiores (Modo Portátil),Крупный шрифт (режим консоли),Tipos de letra más grandes (modo portátil),,,,,,,,,,,,,,,,,,,,,,,,,,
Toggle_Large_TV,Larger Fonts (TV Mode),,Fontes plus grandes (mode TV),Größere Schrift (TV-Modus),큰 글씨 (TV 모드),Duże czcionki (tryb TV),Fontes Maiores (Modo TV),Крупный шрифт (режим TV),Tipos de letra más grandes (modo TV),,,,,,,,,,,,,,,,,,,,,,,,,,
Support_Tank,Support Tank,,Tank de soutien,Unterstützungspanzer,지원 탱크,Czołg Wsparcia,Tanque de Suporte,Вспомог. танк,Tanque apoyo,,,,,,,,,,,,,,,,,,,,,,,,,,
Shield_Tank,Shield Tank,,Tank bouclier,Schildpanzer,쉴드 탱크,Czołg Osłonowy,Tanque de Escudo,Щит-танк,Tanque escudo,,,,,,,,,,,,,,,,,,,,,,,,,,
ACID_Tank,A.C.I.D. Tank,,Tank A.C.I.D.E.,A.C.I.D.U.M.-Panzer,A.C.I.D. 탱크,Czołg K.W.A.S-owy,Tanque A.C.I.D.,Хим. танк,Tanque de A.C.I.D.O.,,,,,,,,,,,,,,,,,,,,,,,,,,
Support_IceTank,Support IceTank,,Tank soutien glace,Unterstützungseispanzer,빙결지원 탱크,Czołg MrozoWsparcia,Tanque de Sup. de Gelo,Ледяной танк,Tanque frío apoyo,,,,,,,,,,,,,,,,,,,,,,,,,,
Pull_Tank,Pull Tank,,Tank de traction,Magnetpanzer,인력 탱크,Czołg Przyciągający,Tanque de Puxão,Тяговый танк,Tanque de tiro,,,,,,,,,,,,,,,,,,,,,,,,,,
Enemy_Activity_1,WARNING!,,ATTENTION !,ACHTUNG!,경고!,UWAGA!,AVISO!,ВНИМАНИЕ!,¡ALERTA!,,,,,,,,,,,,,,,,,,,,,,,,,,
Enemy_Activity_2,ENEMY ACTIVITY,,ACTIVITÉ ENNEMIE,FEINDAKTIVITÄT,적 활동,AKTYWNOŚĆ WROGA,ATIVIDADE INIMIGA,ВРАЖЕСКАЯ АКТИВНОСТЬ,ACTIVIDAD ENEMIGA,,,,,,,,,,,,,,,,,,,,,,,,,,
