ID,English,Chinese_Simplified,French,German,Italian,Polish,Portuguese_Brazil,Russian,Spanish
Pilot_Original_Name,Ralph Karlsson,Ralph Karlsson,Ralph Karlsson,Ralph Karlsson,랄프 칼슨,Ralph Karlsson,Ralph Karlsson,Ральф Карлссон,Ralph Karlsson
Pilot_Artificial_Name,A.I. Unit,A.I. Unit,Unité IA,KI-Einheit,A.I. 유닛,Jednostka S.I.,Unidade IA,Модуль ИИ,Unidad IA
Pilot_Soldier_Name,Camila Vera,Camila Vera,Camila Vera,Camila Vera,카밀라 베라,Camila Vera,Camila Vera,Камила Вера,Camila Vera
Pilot_Youth_Name,Lily Reed,Lily Reed,Lily Reed,Lily Reed,릴리 리드,Lily Reed,Lily Reed,Лили Рид,Lily Reed
Pilot_Warrior_Name,Gana,Gana,Gana,Gana,가나,Gana,Gana,Гана,Gana
Pilot_Aquatic_Name,Archimedes,Archimedes,Archimède,Archimedes,아르키메데스,Archimedes,Archimedes,Архимед,Arquímedes
Pilot_Medic_Name,Isaac Jones,Isaac Jones,Isaac Jones,Isaac Jones,아이작 존스,Isaac Jones,Isaac Jones,Айзек Джонс,Isaac Jones
Pilot_Hotshot_Name,Henry Kwan,Henry Kwan,Henry Kwan,Henry Kwan,헨리 콴,Henry Kwan,Henry Kwan,Генри Кван,Henry Kwan
Pilot_Genius_Name,Bethany Jones,Bethany Jones,Bethany Jones,Bethany Jones,베타니 존스,Bethany Jones,Bethany Jones,Бетани Джонс,Bethany Jones
Pilot_Miner_Name,Silica,Silica,Silica,Silica,실리카,Silika,Silica,Силиций,Sílice
Pilot_Recycler_Name,Prospero,Prospero,Prospero,Prospero,프로스페로,Prospero,Prospero,Просперо,Próspero
Pilot_Assassin_Name,Abe Isamu,Abe Isamu,Abe Isamu,Abe Isamu,아베 이사무,Abe Isamu,Abe Isamu,Абэ Исаму,Abe Isamu
Pilot_Leader_Name,Chen Rong,Chen Rong,Chen Rong,Chen Rong,첸 롱,Czen Rong,Chen Rong,Чен Жун,Chen Rong
Pilot_Repairman_Name,Harold Schmidt,Harold Schmidt,Harold Schmidt,Harold Schmidt,헤롤드 슈미츠,Harold Schmidt,Harold Schmidt,Харольд Шмидт,Harold Schmidt
Pilot_Mantis_Name,Kazaaakpleth,Kazaaakpleth,Kazaaakpleth,Kazaaakpleth,카자아악플레스,Kazaaakplet,Kazaaakpleth,Казааакплет,Kazaaakpleth
Pilot_Rock_Name,Ariadne,Ariadne,Ariadne,Ariadne,아리아드네,Ariadna,Ariadne,Ариадна,Ariadna
Pilot_Zoltan_Name,Mafan,Mafan,Mafan,Mafan,마판,Mafan,Mafan,Мафан,Mafan
Squad_Archive_A,Rift Walkers,Rift Walkers,Marchefailles,Äonauten,리프트 워커,Władcy Czasu,Andarilhos da Fenda,Гости из будущего,Caminantes de las Grietas
Squad_Archive_B,Steel Judoka,Steel Judoka,Judokas d'Acier,Stahlgiganten,강철 유도가,Stalowi Judocy,Judocas de Aço,Стальные борцы,Judokas de Acero
Squad_Rust_A,Rusting Hulks,Rusting Hulks,Colosses Grinçants,Rostkolosse,러스팅 헐크,Rdzawi Giganci,Colossos da Ferrugem,Ржавые остовы,Gigantes Oxidantes
Squad_Rust_B,Flame Behemoths,Flame Behemoths,Béhémoths de Feu,Feuerriesen,화염 괴수,Siewcy Pożogi,Beemotes Ígneos,Огненные великаны,Colosos Llameantes
Squad_Pinnacle_A,Zenith Guard,Zenith Guard,Gardes de Zénith,Zenithwächter,제니스 근위대,Gwardziści Zenity,Guarda Zênite,Гвардия Зенит,Guardias de Zenith
Squad_Pinnacle_B,Frozen Titans,Frozen Titans,Titans Gelés,Eistitanen,겨울 거인,Lodowi Tytani,Titãs Congelados,Ледяные титаны,Titanes Gélidos
Squad_Detritus_A,Blitzkrieg,Blitzkrieg,Blitzkriegs,Blitzkrieger,블리츠크리그,Synowie Błysku,Blitzkrieg,Блицкриг,Blitzkrieg
Squad_Detritus_B,Hazardous Mechs,Hazardous Mechs,Mechas Périlleux,Todesjäger,유해 메크,Ryzykanci,Mekas Periculosos,Опасные машины,Mechs de Riesgo
Squad_Secret,Secret Squad,Secret Squad,Commandos Secrets,Intra Muros,비밀 분대,Robakomandosi,Esquadrão Secreto,Секретный отряд,Comandos Secretos
PunchMech,Combat Mech,Combat Mech,Mecha de combat,Kampfmech,전투 메크,Mech Bojowy,Meka Guerreiro,Ударный мех,Mech de combate
TankMech,Cannon Mech,Cannon Mech,Mecha Canonnier,Kanonenmech,전차 메크,Mech Czołgowy,Meka Canhão,Пушечный мех,Mech de cañón
ArtiMech,Artillery Mech,Artillery Mech,Mecha Artilleur,Artilleriemech,포병 메크,Mech Artyleryjski,Meka Artilharia,Артиллерийский мех,Mech de artillería
JudoMech,Judo Mech,Judo Mech,Mecha Judoka,Ringermech,유도 메크,Mech Judoka,Meka Judoca,Борцовый мех,Mech de judo
DStrikeMech,Siege Mech,Siege Mech,Mecha de Siège,Belagerungsmech,공성 메크,Mech Oblężniczy,Meka de Cerco,Осадный мех,Mech de asedio
GravMech,Gravity Mech,Gravity Mech,Mecha Gravitique,Gravmech,중력 메크,Mech Grawitacyjny,Meka Gravitacional,Гравимех,Mech de gravedad
RocketMech,Rocket Mech,Rocket Mech,Mecha Fusée,Raketenmech,로켓 메크,Mech Rakietowy,Meka Foguete,Ракетный мех,Mech de cohetes
JetMech,Jet Mech,Jet Mech,Mecha Jet,Jetmech,제트 메크,Mech Odrzutowy,Meka a Jato,Реактивный мех,Mech de propulsión
PulseMech,Pulse Mech,Pulse Mech,Mecha Impulsion,Impulsmech,펄스 메크,Mech Pulsacyjny,Meka Pulsar,Импульсный мех,Mech de pulsos
FlameMech,Flame Mech,Flame Mech,Mecha Brasier,Feuermech,화염 메크,Mech Ognisty,Meka de Fogo,Огнеметный мех,Mech de fuego
IgniteMech,Meteor Mech,Meteor Mech,Mecha Météore,Meteormech,메테오 메크,Mech Meteorowy,Meka Meteoro,Зажигательный мех,Mech de meteoros
TeleMech,Swap Mech,Swap Mech,Mecha Échangeur,Teleportmech,교환 메크,Mech Zamienny,Meka de Troca,Портальный мех,Mech de intercam.
LaserMech,Laser Mech,Laser Mech,Mecha Laser,Lasermech,레이저 메크,Mech Laserowy,Meka Laser,Лазерный мех,Mech de láseres
ChargeMech,Charge Mech,Charge Mech,Mecha Charge,Sturmmech,돌격 메크,Mech Szarżujący,Meka Vanguarda,Таранный мех,Mech de carga
ScienceMech,Defense Mech,Defense Mech,Mecha Défense,Abwehrmech,방어 메크,Mech Obronny,Meka Defensor,Защитный мех,Mech de defensa
GuardMech,Aegis Mech,Aegis Mech,Mecha Égide,Aegismech,방패 메크,Mech Tarczownik,Meka Égide,Блокирующий мех,Mech de égida
MirrorMech,Mirror Mech,Mirror Mech,Mecha Miroir,Spiegelmech,거울 메크,Mech Lustrzany,Meka Espelho,Зеркальный мех,Mech de espejo
IceMech,Ice Mech,Ice Mech,Mecha Givre,Eismech,얼음 메크,Mech Lodowy,Meka de Gelo,Ледяной мех,Mech de hielo
ElectricMech,Lightning Mech,Lightning Mech,Mecha Foudre,Blitzmech,전격 메크,Mech Biczownik,Meka Trovão,Разрядный мех,Mech de rayos
WallMech,Hook Mech,Hook Mech,Mecha Crochet,Hakenmech,후크 메크,Mech Kotwiczny,Meka Gancho,Гарпунный мех,Mech de garfio
RockartMech,Boulder Mech,Boulder Mech,Mecha Rocher,Felsenmech,바위 메크,Mech Kamienny,Meka Pedregulho,Камнеметный мех,Mech de piedras
LeapMech,Leap Mech,Leap Mech,Mecha Bondissant,Sprungmech,도약 메크,Mech Skaczący,Meka Saltador,Прыжковый мех,Mech de saltos
UnstableTank,Unstable Mech,Unstable Mech,Mecha Instable,Instabiler Mech,불안정 메크,Mech Niestabilny,Meka Instável,Нестабильный мех,Mech inestable
NanoMech,Nano Mech,Nano Mech,Nano-Mecha,Nanomech,나노 메크,Mech Nanobotowy,Meka Nano,Наномех,Nanomech
BeetleMech,Techno-Beetle,Techno-Beetle,Techno-Coléoptère,Techno-Käfer,테크노-비틀,Techno-żuk,Tecnobesouro,Техножук,Tecnoescarabajo
HornetMech,Techno-Hornet,Techno-Hornet,Techno-Frelon,Techno-Hornisse,테크노-호넷,Techno-osa,Tecnomarimbondo,Техношершень,Tecnoavispón
ScarabMech,Techno-Scarab,Techno-Scarab,Techno-Scarabée,Techno-Skarabäus,테크노-스캐럽,Techno-skarabeusz,Tecnoescaravelho,Техноскарабей,Tecnocoleóptero
RockMech,Rock Mech,Rock Mech,Mecha Pierre,Felsenmech,암석 메크,Mech Skalny,Meka Rocha,Камнестрел,Mech de rocas
SupportDrone,Combat Drone,Combat Drone,Drone de combat,Kampfdrohne,전투 드론,Dron Bojowy,Drone de Combate,Боевой дрон,Dron de combate
CivilianTruck,Civilian Support,Civilian Support,Soutien civil,Civilian Support,민간 트럭,Ciężarówka Wsparcia,Suporte Civil,Машина поддержки,Apoyo civil
CivilianTank,Civilian Tank,Civilian Tank,Tank civil,Hilfspanzer,민병 탱크,Czołg Wsparcia,Tanque Civil,Танк поддержки,Tanque civil
CivilianArt,Civilian Artillery,Civilian Artillery,Artillerie civile,Hilfsartillerie,민병 포대,Artyleria Wsparcia,Artilharia Civil,Орудие поддержки,Artillería civil
Wall,Boulder,Boulder,Rocher,Felsen,바위,Skała,Pedregulho,Валун,Piedra
RockThrown,Boulder,Boulder,Rocher,Felsen,바위,Skała,Pedregulho,Валун,Piedra
Turret,Defense Turret,Defense Turret,Tourelle de défense,Geschützturm,방어 포탑,Wieżyczka Obronna,Torreta Defensora,Защитная турель,Torreta de defensa
Generator,Generator,Generator,Générateur,Generator,발전소,Generator,Gerador,Генератор,Generador
Blobber1,Blobber,Blobber,Bubonneur,Blobber,블로버,Gluciarz,Melequento,Плеватель,Pringoso
Blobber2,Alpha Blobber,Alpha Blobber,Bubonneur Alpha,Alpha-Blobber,알파 블로버,Gluciarz Alfa,Melequento Alfa,Плеватель-альфа,Pringoso alfa
Blob1,Blob,Blob,Bubon,Blob,블롭,Glut,Meleca,Плевок,Pringue
Blob2,Alpha Blob,Alpha Blob,Bubon Alpha,Alpha-Blob,알파 블롭,Glut Alfa,Meleca Alfa,Плевок-альфа,Pringue alfa
Scorpion1,Scorpion,Scorpion,Scorpion,Skorpion,스콜피온,Skorpion,Escorpião,Скорпион,Escorpión
Scorpion2,Alpha Scorpion,Alpha Scorpion,Scorpion Alpha,Alpha-Skorpion,알파 스콜피온,Skorpion Alfa,Escorpião Alfa,Скорпион-альфа,Escorpión alfa
Firefly1,Firefly,Firefly,Libellule,Glühwurm,파이어플라이,Świetlik,Vagalume,Светляк,Luciérnaga
Firefly2,Alpha Firefly,Alpha Firefly,Libellule Alpha,Alpha-Glühwurm,알파 파이어플라이,Świetlik Alfa,Vagalume Alfa,Светляк-альфа,Luciérnaga alfa
Leaper1,Leaper,Leaper,Bondissant,Springer,리퍼,Skoczek,Pulador,Прыгун,Saltador
Leaper2,Alpha Leaper,Alpha Leaper,Bondissant Alpha,Alpha-Springer,알파 리퍼,Skoczek Alfa,Pulador Alfa,Прыгун-альфа,Saltador alfa
Beetle1,Beetle,Beetle,Coléoptère,Käfer,비틀,Żuk,Besouro,Жук,Escarabajo
Beetle2,Alpha Beetle,Alpha Beetle,Coléoptère Alpha,Alpha-Käfer,알파 비틀,Żuk Alfa,Besouro Alfa,Жук-альфа,Escarabajo alfa
Scarab1,Scarab,Scarab,Scarabée,Skarabäus,스캐럽,Skarabeusz,Escaravelho,Скарабей,Coleóptero
Scarab2,Alpha Scarab,Alpha Scarab,Scarabée Alpha,Alpha-Skarabäus,알파 스캐럽,Skarabeusz Alfa,Escaravelho Alfa,Скарабей-альфа,Coleóptero alfa
Crab1,Crab,Crab,Crabe,Krabbe,크랩,Krab,Caranguejo,Краб,Cangrejo
Crab2,Alpha Crab,Alpha Crab,Crabe Alpha,Alpha-Krabbe,알파 크랩,Krab Alfa,Caranguejo Alfa,Краб-альфа,Cangrejo alfa
Centipede1,Centipede,Centipede,Géophile,Tausendfüßer,센티피드,Stonoga,Centopeia,Многоножка,Ciempiés
Centipede2,Alpha Centipede,Alpha Centipede,Géophile Alpha,Alpha-Tausendfüßer,알파 센티피드,Stonoga Alfa,Centopeia Alfa,Многоножка-альфа,Ciempiés alfa
Digger1,Digger,Digger,Foreur,Gräber,디거,Kopacz,Escavador,Строитель,Tunelador
Digger2,Alpha Digger,Alpha Digger,Foreur Alpha,Alpha-Gräber,알파 디거,Kopacz Alfa,Escavador Alfa,Строитель-альфа,Tunelador alfa
Hornet1,Hornet,Hornet,Frelon,Hornisse,호넷,Osa,Marimbondo,Шершень,Avispón
Hornet2,Alpha Hornet,Alpha Hornet,Frelon Alpha,Alpha-Hornisse,알파 호넷,Osa Alfa,Marimbondo Alfa,Шершень-альфа,Avispón alfa
Jelly_Health1,Soldier Psion,Soldier Psion,Psion Soldat,Soldaten-Psion,군단 사이온,Życiodajny Psionik,Soldado Psion,Рядовой псион,Psiónico soldado
Jelly_Armor1,Shell Psion,Shell Psion,Psion Carapace,Panzer-Psion,갑각 사이온,Pancerny Psionik,Psion de Carapaça,Панцирный псион,Psiónico protector
Jelly_Regen1,Blood Psion,Blood Psion,Psion Sanguin,Blut-Psion,선혈 사이온,Krwawy Psionik,Psion de Sangue,Кровавый псион,Psiónico de sangre
Jelly_Explode1,Blast Psion,Blast Psion,Psion Explosif,Spreng-Psion,작렬 사이온,Wybuchowy Psionik,Psion de Explosões,Разрывной псион,Psiónico explosivo
Jelly_Lava1,Psion Tyrant,Psion Tyrant,Psion Tyran,Psion-Tyrann,사이온 군주,Tyraniczny Psionik,Tirano Psion,Угнетающий псион,Psiónico tirano
Spider1,Spider,Spider,Araignée,Spinne,스파이더,Pająk,Aranha,Паук,Araña
Spider2,Alpha Spider,Alpha Spider,Araignée Alpha,Alpha-Spinne,알파 스파이더,Pająk Alfa,Aranha Alfa,Паук-альфа,Araña alfa
WebbEgg1,Spiderling Egg,Spiderling Egg,Œuf d'Épeire,Spinnlingsei,스파이더 알,Kokon,Ovo de Aranhinha,Паучье яйцо,Huevo de aracnoide
Spiderling1,Spiderling,Spiderling,Épeire,Spinnling,스파이더유충,Pajęczak,Aranhinha,Паучок,Aracnoide
Spiderling2,Alpha Spiderling,Alpha Spiderling,Épeire Alpha,Alpha-Spinnling,알파 스파이더유충,Pajęczak Alfa,Aranhinha Alfa,Паучок-альфа,Aracnoide alfa
Burrower1,Burrower,Burrower,Fouisseur,Wühler,버로워,Zakopywacz,Tuneleiro,Тоннельщик,Tunelador
Burrower2,Alpha Burrower,Alpha Burrower,Fouisseur Alpha,Alpha-Wühler,알파 버로워,Zakopywacz Alfa,Tuneleiro Alfa,Тоннельщик-альфа,Tunelador alfa
Snowtank1,Cannon-Bot,Cannon-Bot,Robot Canon,Kanonenbot,캐논-봇,Działobot,Bot-Canhão,Пушечный бот,Robocañón
Snowtank2,Cannon-Mech,Cannon-Mech,Mecha Canon,Kanonenmech,캐논-메크,Działomech,Meka-Canhão,Пушечный мех,Mech de cañón
Snowart1,Artillery-Bot,Artillery-Bot,Robot Artilleur,Artilleriebot,포격-봇,Artyleriobot,Bot-Artilharia,Арт. бот,Bot de artillería
Snowart2,Artillery-Mech,Artillery-Mech,Mecha Artilleur,Artilleriemech,포격-메크,Artyleriomech,Meka-Artilharia,Арт. мех,Mech de artillería
Snowlaser1,Laser-Bot,Laser-Bot,Robot Laser,Laserbot,레이저-봇,Laserobot,Bot-Laser,Лазерный бот,Bot de láseres
Snowlaser2,Laser-Mech,Laser-Mech,Mecha Laser,Lasermech,레이저-메크,Laseromech,Meka-Laser,Лазерный мех,Mech de láseres
Snowmine1,Mine-Bot,Mine-Bot,Robot Mine,Minenbot,지뢰-봇,Minobot,Bot-Mina,Бот-минер,Bot de minas
Snowmine2,Mine-Mech,Mine-Mech,Mecha Mine,Minenmech,지뢰-메크,Minomech,Meka-Mina,Мех-минер,Mech de minas
Train_Pawn,Supply Train,Supply Train,Train de provisions,Nachschubzug,보급품 기차,Pociąg dostawczy,Trem de Suprimentos,Поезд,Tren de suministros
Train_Damaged,Damaged Train,Damaged Train,Train endommagé,Beschädigter Zug,손상된 기차,Uszkodzony pociąg,Trem Danificado,Поврежд. поезд,Tren dañado
ArchiveArtillery,Artillery Support,Artillery Support,Soutien d'artillerie,Artillerieunterstützung,지원 포대,Wyrzutnia Rakiet,Artilharia de Suporte,Артподдержка,Apoyo artillero
Dam_Pawn,Old Earth Dam,Old Earth Dam,Barrage terrestre,Alte-Welt-Damm,구 지구 댐,Tama Dawnej Ziemi,Barragem da Terra Antiga,Старая дамба,Presa de la Vieja Tierra
SatelliteRocket,Satellite Rocket,Satellite Rocket,Fusée satellite,Satellitenrakete,위성 로켓,Rakieta Satelitarna,Satélite Foguete,Ракета-носитель,Cohete de satélite
Archive_Tank,Archive Tank,Archive Tank,Tank Archive,Archive-Panzer,아카이브 탱크,Czołg Archive,Tanque do Arquivo,Танк «Архивов»,Tanque de Archivo
Acid_Tank,A.C.I.D. Tank,A.C.I.D. Tank,Tank A.C.I.D.E.,A.C.I.D.U.M.-Panzer,A.C.I.D. 탱크,Czołg K.W.A.S-owy,Tanque A.C.I.D.,Хим. танк,Tanque de A.C.I.D.O.
Disposal_Unit,A.C.I.D. Launcher,A.C.I.D. Launcher,Lanceur A.C.I.D.E.,A.C.I.D.U.M.-Werfer,A.C.I.D. 발사기,Wyrzutnia K.W.A.S-u,Lançador A.C.I.D.,Хим. установка,Lanzador de A.C.I.D.O.
Filler_Pawn,Earth Mover,Earth Mover,Remodeleur,Erdwandler,지반 이동기,Ziemiogrzmot,Terramotor,Уравнитель,Excavadora
Terraformer,Terraformer,Terraformer,Terraformeur,Terraformer,테라포머,Terraformer,Terraformador,Терраформер,Terraformador
Freeze_Tank,Freeze Tank,Freeze Tank,Tank Gelant,Eispanzer,빙결 탱크,Czołg Zamrażający,Tanque Congelante,Фриз-танк,Tanque congelante
BigBomb,Renfield Bomb,Renfield Bomb,Bombe Renfield,Renfield-Bombe,렌필드 폭탄,Bomba Renfielda,Bomba Renfield,Бомба Ренфилда,Bomba Renfield
ProtoBomb,Prototype Bomb,Prototype Bomb,Prototype de bombe,Bombenprototyp,시제 폭탄,Prototypowa Bomba,Bomba Protótipo,Экспериментальная бомба,Prototipo de bomba
BeetleBoss,Beetle Leader,Beetle Leader,Chef Coléoptère,Käfer-Anführer,비틀 리더,Żuk Przywódca,Líder Besouro,Жук-лидер,Líder escarabajo
BotBoss,Bot Leader,Bot Leader,Chef Robot,Bot-Anführer,봇 리더,Bot Przywódca,Bot-Líder,Бот-лидер,Líder bot
FireflyBoss,Firefly Leader,Firefly Leader,Chef Libellule,Glühwurm-Anführer,파이어플라이 리더,Świetlik Przywódca,Líder Vagalume,Светляк-лидер,Líder luciérnaga
BlobBoss,Large Goo,Large Goo,Gros Fangeux,Großes Gallert,거대 액체괴물,Wielka Breja,Gosma Grande,Большой пузырь,Pringue grande
BlobBossMed,Medium Goo,Medium Goo,Fangeux moyen,Mittleres Gallert,액체괴물,Średnia Breja,Gosma Média,Средний пузырь,Pringue mediano
BlobBossSmall,Small Goo,Small Goo,Petit Fangeux,Kleines Gallert,작은 액체괴물,Mała Breja,Gosma Pequena,Малый пузырь,Pringue pequeño
Jelly_Boss,Psion Abomination,Psion Abomination,Abomination Psion,Psion-Abscheulichkeit,사이온 보스,Omnipsionik,Abominação Psion,Чудовищный псион,Abominación psiónica
HornetBoss,Hornet Leader,Hornet Leader,Chef Frelon,Hornissen-Anführer,호넷 리더,Osa Przywódca,Líder Marimbondo,Шершень-лидер,Líder avispón
ScorpionBoss,Scorpion Leader,Scorpion Leader,Chef Scorpion,Skorpion-Anführer,스콜피온 리더,Skorpion Przywódca,Líder Escorpião,Скорпион-лидер,Líder escorpión
SpiderBoss,Spider Leader,Spider Leader,Chef Araignée,Spinnen-Anführer,스파이더 리더,Pająk Przywódca,Líder Aranha,Паук-лидер,Líder araña
SpiderlingEgg1,Spiderling Egg,Spiderling Egg,Œuf d'Épeire,Spinnlingsei,스파이더 알,Kokon,Ovo de Aranhinha,Паучье яйцо,Huevo de aracnoide
GlowingScorpion,Volatile Vek,Volatile Vek,Vek Volatil,Spreng-Vek,폭발성 Vek,Wybuchowy Vek,Vek Volátil,Гремучий векк,Vek volátil
Pilot_Surnames,"Huang, Ferry, Smith, Kirk, Waller, Volkov, Kim, Perez, Romano, Correa, Prieto, Montes, Berezin, Patel, Acharya, Singh, Kirby, Sanchez, Chavez, Nguyen, Lee, Zhang, Tigani, Torcasio, Koleda","Huang, Ferry, Smith, Kirk, Waller, Volkov, Kim, Perez, Romano, Correa, Prieto, Montes, Berezin, Patel, Acharya, Singh, Kirby, Sanchez, Chavez, Nguyen, Lee, Zhang, Tigani, Torcasio, Koleda","Huang, Ferry, Smith, Kirk, Waller, Volkov, Kim, Perez, Romano, Correa, Prieto, Montes, Berezin, Patel, Acharya, Singh, Kirby, Sanchez, Chavez, Nguyen, Lee, Zhang, Tigani, Torcasio, Koleda","Huang, Ferry, Smith, Kirk, Waller, Volkov, Kim, Perez, Romano, Correa, Prieto, Montes, Berezin, Patel, Acharya, Singh, Kirby, Sanchez, Chavez, Nguyen, Lee, Zhang, Tigani, Torcasio, Koleda","황, 페리, 스미스, 크릭, 월러, 볼코프, 김, 페레즈, 로마노, 코레아, 프리에토, 몬테즈, 베레진, 파텔, 아차야, 싱, 커비, 산체스, 차베스, 응우옌, 리, 장, 티가니, 토카시오, 콜레다","Huang, Drakkainen, Smith, Kirk, Waller, Tichyj, Kim, Perez, Kelvin, Correa, Prieto, Montes, Berezin, Patel, Acharya, Singh, Kirby, Sanchez, Chavez, Nguyen, Lem, Zhang, Tigani, Torcasio, Kolenda","Huang, Ferry, Smith, Kirk, Waller, Volkov, Kim, Perez, Romano, Correa, Prieto, Montes, Berezin, Patel, Acharya, Singh, Kirby, Sanchez, Chavez, Nguyen, Lee, Zhang, Tigani, Torcasio, Koleda","Хуан, Ферри, Смит, Кирк, Уоллер, Седых, Ким, Перес, Романо, Корреа, Прието, Монтес, Мороз, Патель, Ачарья, Сингх, Кирби, Санчес, Чавес, Нгуен, Ли, Чжан, Тигани, Торкасио, Коледа","Huang, Ferry, Smith, Kirk, Waller, Volkov, Kim, Pérez, Romano, Correa, Prieto, Montes, Berezin, Patel, Acharya, Singh, Kirby, Sánchez, Chávez, Nguyen, Lee, Zhang, Tigani, Torcasio, Koleda"
Female_First,"Willow, Alison, Chloe, Maria, Ana, Clara, Amelia, Tatiana, Zoe, Myra, Esther, Nadia, Nora, Ayesha, Sofia, Isabel, Jill, Isla, Airilee, Sam, Urbana, Estelle, Ilona, Mikayla, Elizabeth, Lauren ","Willow, Alison, Chloe, Maria, Ana, Clara, Amelia, Tatiana, Zoe, Myra, Esther, Nadia, Nora, Ayesha, Sofia, Isabel, Jill, Isla, Airilee, Sam, Urbana, Estelle, Ilona, Mikayla, Elizabeth, Lauren ","Willow, Alison, Chloe, Maria, Ana, Clara, Amelia, Tatiana, Zoe, Myra, Esther, Nadia, Nora, Ayesha, Sofia, Isabel, Jill, Isla, Airilee, Sam, Urbana, Estelle, Ilona, Mikayla, Elizabeth, Lauren ","Willow, Alison, Chloe, Maria, Ana, Clara, Amelia, Tatiana, Zoe, Myra, Esther, Nadia, Nora, Ayesha, Sofia, Isabel, Jill, Isla, Airilee, Sam, Urbana, Estelle, Ilona, Mikayla, Elizabeth, Lauren ","윌로우, 엘리슨, 클로에, 마리아, 아나, 클레라, 아멜리아, 타티니아, 조이, 미라, 에스더, 나디아, 노라, 아이샤, 소피아, 이사벨, 안, 이슬라, 아이레, 삼, 어바나, 에스텔, 일로나, 미카일라, 엘리자베스, 라우렌 ","Willow, Alison, Chloe, Maria, Ana, Clara, Amelia, Tatiana, Zoe, Myra, Esther, Nadia, Nora, Ayesha, Sofia, Isabel, Cirilla, Isla, Airilee, Sam, Urbana, Estelle, Ilona, Michaiła, Elizabeth, Lauren ","Willow, Alison, Chloe, Maria, Ana, Clara, Amelia, Tatiana, Zoe, Myra, Esther, Nadia, Nora, Ayesha, Sofia, Isabel, Jill, Isla, Airilee, Sam, Urbana, Estelle, Ilona, Mikayla, Elizabeth, Lauren ","Уиллоу, Элисон, Хлоя, Мария, Ана, Клара, Амелия, Татьяна, Зои, Мира, Эстер, Надя, Нора, Аиша, София, Изабель, Джилл, Исла, Эйрили, Сэм, Урбана, Эстель, Илона, Микайла, Элизабет, Лорен ","Willow, Alison, Chloe, María, Ana, Clara, Amelia, Tatiana, Zoe, Myra, Esther, Nadia, Nora, Ayesha, Sofía, Isabel, Jill, Isla, Airilee, Sam, Urbana, Estelle, Ilona, Mikayla, Elizabeth, Lauren "
Male_First,"Peter, David, Pierre, Mateo, Elijah, Dylan, Alexis, Miguel, Ori, Omar, Aidan, Anton, Leo, Liam, Nikola, Stefan, Maxim, Fox, Bigby, Charlie, Michael, Nick, Sergei, Philip, Thuy, Collin, Steve","Peter, David, Pierre, Mateo, Elijah, Dylan, Alexis, Miguel, Ori, Omar, Aidan, Anton, Leo, Liam, Nikola, Stefan, Maxim, Fox, Bigby, Charlie, Michael, Nick, Sergei, Philip, Thuy, Collin, Steve","Peter, David, Pierre, Mateo, Elijah, Dylan, Alexis, Miguel, Ori, Omar, Aidan, Anton, Leo, Liam, Nikola, Stefan, Maxim, Fox, Bigby, Charlie, Michael, Nick, Sergei, Philip, Thuy, Collin, Steve","Peter, David, Pierre, Mateo, Elijah, Dylan, Alexis, Miguel, Ori, Omar, Aidan, Anton, Leo, Liam, Nikola, Stefan, Maxim, Fox, Bigby, Charlie, Michael, Nick, Sergei, Philip, Thuy, Collin, Steve","피터, 데이비드, 피에르, 마테오, 엘리야, 딜런, 알렉시스, 미구엘, 오리, 오마르, 에이든, 안톤, 레오, 리암, 니콜라, 스테판, 맥심, 폭스, 빅비, 찰리, 마이클, 닉, 세르게이, 필립, 휴이, 콜린, 스티브","Peter, David, Pierre, Mateo, Elijah, Vuko, Alexis, Miguel, Ori, Omar, Aidan, Anton, Leo, Liam, Nikola, Stefan, Maksim, Fox, Bigby, Charlie, Michael, Nick, Sergiej, Philip, Thuy, Collin, Steve","Peter, David, Pierre, Mateo, Elijah, Dylan, Alexis, Miguel, Ori, Omar, Aidan, Anton, Leo, Liam, Nikola, Stefan, Maxim, Fox, Bigby, Charlie, Michael, Nick, Sergei, Philip, Thuy, Collin, Steve","Питер, Дэвид, Пьер, Матео, Элайджа, Дилан, Алексей, Мигель, Ори, Омар, Эйдан, Антон, Лео, Лиам, Никола, Стефан, Максим, Фокс, Бигби, Чарли, Майкл, Ник, Сергей, Филип, Тай, Колин, Стив","Peter, David, Pierre, Mateo, Elijah, Dylan, Alexis, Miguel, Ori, Omar, Aidan, Anton, Leo, Liam, Nikola, Stefan, Maxim, Fox, Bigby, Charlie, Michael, Nick, Sergei, Philip, Thuy, Collin, Steve"
Vek_First,"Xakran, Kxlatl, Taaxetizl","Xakran, Kxlatl, Taaxetizl","Xakran, Kxlatl, Taaxetizl","Xakran, Kxlatl, Taaxetizl","샤크란, 반둘, 타아악세티즈","Xakran, Kxlatl, Taaxetizl","Xakran, Kxlatl, Taaxetizl","Заккран, Кслатль, Тааксетидзл","Xakran, Kxlatl, Taaxetizl"
AI_First,"Clare, Serhina, Coral, Qualia, Zera, Mary, Binary, Genos, Raine, Penny, Celestine, Cinnabar, Calypso, Ganymede, Leda, Fenrir, Zas","Clare, Serhina, Coral, Qualia, Zera, Mary, Binary, Genos, Raine, Penny, Celestine, Cinnabar, Calypso, Ganymede, Leda, Fenrir, Zas","Clare, Serhina, Coral, Qualia, Zera, Mary, Binary, Genos, Raine, Penny, Celestine, Cinnabar, Calypso, Ganymede, Leda, Fenrir, Zas","Clare, Serhina, Coral, Qualia, Zera, Mary, Binary, Genos, Raine, Penny, Celestine, Cinnabar, Calypso, Ganymede, Leda, Fenrir, Zas","클레어, 세르히나, 코랄, 퀼리아, 제라, 마리, 바이너리, 지노스, 레인, 페니, 셀레스틴, 시나바, 칼립소, 가니메데, 리다, 펜리르, 자스","Klara, Dijkstra, Ajax, Elwro, Zera, Mara, Binaria, Genos, Gibarian, Hann, Kserkses, Pirx, Kalipso, Ganimedes, Ulvic, Fenrir, Golem XIV","Clare, Serhina, Coral, Qualia, Zera, Mary, Binary, Genos, Raine, Penny, Celestine, Cinnabar, Calypso, Ganymede, Leda, Fenrir, Zas","Клэр, Серина, Корал, Куалия, Зера, Мэри, Бинарий, Генос, Рейна, Пенни, Селестина, Афина, Калипсо, Ганимед, Леда, Фенрис, Зас","Clara, Serhina, Coral, Qualia, Zera, Mary, Binaria, Genos, Raine, Penny, Celestina, Cinabrio, Calipso, Ganimedes, Leda, Fenrir, Zas"
